{"type":"FeatureCollection","features":[{"type":"Feature","properties":{"name":"Laâyoune-Sakia El Hamra","iso":"MA-11"},"geometry":{"type":"Polygon","coordinates":[[[-11.743,28.148],[-11.772,28.181],[-11.782,28.21],[-11.784,28.209],[-11.786,28.211],[-11.838,28.192],[-11.844,28.188],[-11.87,28.18],[-11.871,28.176],[-11.874,28.175],[-11.876,28.178],[-11.885,28.175],[-11.919,28.162],[-11.937,28.156],[-11.959,28.146],[-11.982,28.132],[-12.03,28.113],[-12.033,28.11],[-12.046,28.104],[-12.05,28.097],[-12.081,28.088],[-12.083,28.087],[-12.137,28.075],[-12.175,28.069],[-12.19,28.064],[-12.216,28.06],[-12.229,28.056],[-12.249,28.054],[-12.307,28.043],[-12.353,28.036],[-12.474,28.014],[-12.52,28.007],[-12.559,27.996],[-12.659,27.983],[-12.714,27.978],[-12.745,27.973],[-12.825,27.966],[-12.836,27.963],[-12.841,27.959],[-12.855,27.958],[-12.863,27.956],[-12.915,27.955],[-12.918,27.954],[-12.921,27.948],[-12.931,27.944],[-12.936,27.945],[-12.934,27.944],[-12.936,27.941],[-12.934,27.944],[-12.931,27.943],[-12.931,27.94],[-12.932,27.939],[-12.934,27.94],[-12.932,27.939],[-12.937,27.935],[-12.936,27.932],[-12.938,27.93],[-12.951,27.926],[-12.953,27.924],[-12.955,27.924],[-12.96,27.921],[-12.966,27.904],[-12.97,27.901],[-12.971,27.898],[-12.981,27.894],[-12.984,27.886],[-12.982,27.884],[-12.989,27.878],[-12.986,27.875],[-12.989,27.861],[-12.99,27.858],[-12.997,27.851],[-13.0,27.843],[-13.002,27.83],[-13.006,27.823],[-13.009,27.808],[-13.023,27.8],[-13.027,27.795],[-13.043,27.761],[-13.051,27.751],[-13.07,27.736],[-13.112,27.722],[-13.131,27.707],[-13.158,27.698],[-13.162,27.695],[-13.165,27.691],[-13.168,27.678],[-13.185,27.643],[-13.197,27.624],[-13.203,27.599],[-13.206,27.58],[-13.21,27.567],[-13.218,27.554],[-13.228,27.511],[-13.251,27.461],[-13.261,27.434],[-13.267,27.421],[-13.276,27.396],[-13.278,27.384],[-13.29,27.359],[-13.301,27.346],[-13.304,27.324],[-13.315,27.308],[-13.323,27.292],[-13.337,27.272],[-13.344,27.265],[-13.354,27.251],[-13.354,27.249],[-13.366,27.236],[-13.378,27.208],[-13.389,27.195],[-13.39,27.189],[-13.395,27.182],[-13.408,27.164],[-13.409,27.153],[-13.419,27.111],[-13.424,27.097],[-13.433,27.096],[-13.432,27.096],[-13.433,27.089],[-13.433,27.09],[-13.431,27.09],[-13.432,27.091],[-13.43,27.093],[-13.431,27.094],[-13.43,27.095],[-13.426,27.096],[-13.426,27.09],[-13.428,27.09],[-13.426,27.089],[-13.423,27.096],[-13.418,27.087],[-13.418,27.082],[-13.431,27.059],[-13.432,27.058],[-13.438,27.06],[-13.431,27.057],[-13.434,27.046],[-13.445,27.021],[-13.461,26.989],[-13.465,26.978],[-13.477,26.952],[-13.479,26.939],[-13.488,26.919],[-13.489,26.915],[-13.488,26.908],[-13.49,26.9],[-13.509,26.852],[-13.521,26.829],[-13.527,26.819],[-13.527,26.817],[-13.528,26.816],[-13.527,26.814],[-13.527,26.812],[-13.531,26.801],[-13.542,26.786],[-13.542,26.783],[-13.546,26.777],[-13.547,26.772],[-13.552,26.765],[-13.557,26.76],[-13.564,26.744],[-13.574,26.732],[-13.586,26.722],[-13.591,26.714],[-13.594,26.713],[-13.597,26.708],[-13.6,26.707],[-13.611,26.694],[-13.621,26.686],[-13.664,26.654],[-13.72,26.62],[-13.72,26.618],[-13.722,26.619],[-13.753,26.602],[-13.771,26.593],[-13.779,26.59],[-13.787,26.583],[-13.81,26.573],[-13.825,26.564],[-13.848,26.555],[-13.865,26.541],[-13.884,26.531],[-13.898,26.527],[-13.915,26.518],[-13.976,26.472],[-14.003,26.459],[-14.038,26.446],[-14.072,26.436],[-14.109,26.43],[-14.142,26.425],[-14.157,26.425],[-14.172,26.427],[-14.18,26.426],[-14.182,26.425],[-14.189,26.415],[-14.189,26.414],[-14.191,26.407],[-14.195,26.404],[-14.197,26.397],[-14.209,26.378],[-14.221,26.368],[-14.221,26.365],[-14.231,26.357],[-14.239,26.348],[-14.242,26.341],[-14.249,26.333],[-14.266,26.323],[-14.27,26.318],[-14.279,26.312],[-14.291,26.306],[-14.292,26.304],[-14.299,26.3],[-14.317,26.282],[-14.348,26.271],[-14.38,26.266],[-14.396,26.265],[-14.404,26.262],[-14.407,26.256],[-14.42,26.243],[-14.431,26.236],[-14.432,26.232],[-14.442,26.222],[-14.452,26.207],[-14.457,26.204],[-14.462,26.195],[-14.475,26.18],[-14.478,26.171],[-14.484,26.163],[-14.501,26.126],[-14.501,26.123],[-14.498,26.123],[-14.496,26.119],[-14.498,26.116],[-14.497,26.113],[-14.497,26.116],[-14.495,26.118],[-14.494,26.115],[-14.496,26.114],[-14.493,26.115],[-14.489,26.108],[-14.485,26.093],[-14.487,26.076],[-14.489,26.073],[-14.49,26.066],[-14.488,26.063],[-14.489,26.053],[-14.487,26.036],[-14.493,26.024],[-14.492,26.016],[-14.499,25.986],[-14.51,25.968],[-14.516,25.948],[-14.527,25.935],[-14.529,25.927],[-14.529,25.92],[-14.534,25.909],[-14.562,25.865],[-14.563,25.859],[-14.567,25.849],[-14.594,25.814],[-14.6,25.803],[-14.61,25.793],[-14.616,25.784],[-14.633,25.774],[-14.638,25.769],[-14.638,25.758],[-14.641,25.746],[-14.645,25.738],[-14.651,25.715],[-14.658,25.702],[-14.661,25.691],[-14.661,25.682],[-14.665,25.672],[-14.665,25.665],[-14.672,25.651],[-14.675,25.647],[-14.675,25.642],[-14.676,25.635],[-14.686,25.618],[-14.684,25.611],[-14.686,25.595],[-14.685,25.588],[-14.686,25.58],[-14.69,25.563],[-14.695,25.553],[-14.697,25.545],[-14.703,25.537],[-14.705,25.532],[-14.708,25.529],[-14.709,25.524],[-14.718,25.507],[-14.729,25.494],[-14.732,25.487],[-14.765,25.453],[-14.775,25.438],[-14.777,25.43],[-14.787,25.419],[-14.794,25.397],[-14.792,25.375],[-14.804,25.349],[-14.81,25.34],[-14.813,25.338],[-14.812,25.323],[-14.824,25.3],[-14.827,25.297],[-14.828,25.28],[-14.825,25.27],[-14.825,25.256],[-14.827,25.246],[-14.832,25.238],[-14.845,25.206],[-14.844,25.192],[-14.837,25.163],[-14.839,25.14],[-14.846,25.126],[-14.841,25.118],[-14.84,25.11],[-14.837,25.103],[-14.839,25.093],[-14.842,25.088],[-14.841,25.083],[-14.827,25.073],[-14.825,25.065],[-14.82,25.057],[-14.819,25.05],[-14.819,25.04],[-14.823,25.021],[-14.822,25.012],[-14.824,25.008],[-14.822,25.001],[-14.825,24.984],[-14.824,24.977],[-14.826,24.967],[-14.83,24.964],[-14.831,24.959],[-14.832,24.946],[-14.833,24.944],[-14.83,24.928],[-14.831,24.915],[-14.829,24.91],[-14.835,24.891],[-14.837,24.888],[-14.839,24.88],[-14.841,24.878],[-14.841,24.874],[-14.848,24.862],[-14.852,24.844],[-14.858,24.837],[-14.86,24.828],[-14.873,24.803],[-14.875,24.797],[-14.874,24.79],[-14.882,24.77],[-14.883,24.757],[-14.886,24.75],[-14.886,24.746],[-14.888,24.741],[-14.884,24.735],[-14.885,24.726],[-14.883,24.72],[-14.885,24.714],[-14.883,24.713],[-14.881,24.71],[-14.882,24.703],[-14.892,24.692],[-14.905,24.683],[-14.899,24.674],[-14.886,24.643],[-14.867,24.622],[-14.826,24.59],[-14.785,24.555],[-14.747,24.544],[-14.704,24.538],[-14.664,24.526],[-14.622,24.499],[-14.609,24.475],[-14.59,24.455],[-14.563,24.433],[-14.506,24.416],[-14.32,24.47],[-14.305,24.473],[-14.289,24.473],[-14.239,24.478],[-14.172,24.479],[-14.076,24.484],[-13.993,24.47],[-13.891,24.447],[-13.812,24.428],[-13.735,24.4],[-13.689,24.391],[-13.641,24.404],[-13.513,24.434],[-13.437,24.467],[-13.295,24.513],[-13.12,24.527],[-13.052,24.516],[-12.887,24.482],[-12.856,24.469],[-12.73,24.427],[-12.685,24.407],[-12.635,24.389],[-12.611,24.383],[-12.581,24.38],[-12.539,24.384],[-12.509,24.389],[-12.36,24.42],[-12.319,24.433],[-12.264,24.439],[-12.202,24.432],[-12.113,24.416],[-12.0,24.385],[-12.0,24.8],[-12.001,25.2],[-12.0,25.666],[-12.001,26.0],[-11.599,25.998],[-11.262,25.999],[-10.733,25.999],[-10.334,25.999],[-9.934,25.999],[-9.4,25.999],[-8.967,26.0],[-8.667,26.0],[-8.667,26.6],[-8.668,27.136],[-8.754,27.147],[-8.809,27.16],[-8.875,27.183],[-8.921,27.231],[-8.972,27.278],[-9.061,27.314],[-9.172,27.409],[-9.289,27.472],[-9.407,27.424],[-9.449,27.415],[-9.544,27.402],[-9.607,27.446],[-9.683,27.488],[-9.719,27.507],[-9.763,27.536],[-9.784,27.554],[-9.798,27.569],[-9.814,27.591],[-9.816,27.613],[-9.839,27.635],[-9.85,27.65],[-9.862,27.662],[-9.88,27.672],[-9.899,27.673],[-9.916,27.648],[-9.938,27.64],[-9.966,27.635],[-9.985,27.638],[-10.017,27.654],[-10.033,27.671],[-10.04,27.688],[-10.058,27.71],[-10.092,27.71],[-10.112,27.701],[-10.137,27.714],[-10.212,27.799],[-10.232,27.803],[-10.248,27.81],[-10.276,27.814],[-10.416,27.805],[-10.478,27.794],[-10.57,27.786],[-10.608,27.781],[-10.634,27.781],[-10.719,27.768],[-10.753,27.783],[-10.786,27.786],[-10.871,27.774],[-10.902,27.758],[-10.927,27.761],[-10.965,27.757],[-11.078,27.751],[-11.115,27.746],[-11.155,27.742],[-11.19,27.738],[-11.228,27.758],[-11.258,27.768],[-11.307,27.78],[-11.361,27.796],[-11.405,27.804],[-11.444,27.805],[-11.485,27.807],[-11.551,27.836],[-11.585,27.866],[-11.636,27.952],[-11.663,27.988],[-11.699,28.059],[-11.712,28.123],[-11.743,28.148]]]}},{"type":"Feature","properties":{"name":"Tanger-Tétouan-Al Hoceïma","iso":"MA-01"},"geometry":{"type":"Polygon","coordinates":[[[-6.243,35.001],[-6.219,34.995],[-6.214,34.997],[-6.207,34.995],[-6.204,34.993],[-6.193,34.992],[-6.186,34.989],[-6.139,34.997],[-6.127,35.01],[-6.1,35.016],[-6.075,35.008],[-6.058,34.998],[-6.067,34.991],[-6.054,34.976],[-6.026,34.976],[-6.007,34.992],[-5.962,34.97],[-5.937,34.95],[-5.919,34.941],[-5.878,34.934],[-5.858,34.937],[-5.833,34.944],[-5.787,34.931],[-5.781,34.928],[-5.781,34.921],[-5.783,34.914],[-5.788,34.909],[-5.787,34.9],[-5.791,34.888],[-5.785,34.878],[-5.774,34.874],[-5.784,34.853],[-5.791,34.851],[-5.786,34.841],[-5.791,34.835],[-5.784,34.825],[-5.784,34.812],[-5.786,34.806],[-5.784,34.804],[-5.788,34.794],[-5.787,34.789],[-5.782,34.778],[-5.786,34.762],[-5.795,34.751],[-5.776,34.735],[-5.761,34.737],[-5.754,34.735],[-5.751,34.73],[-5.744,34.727],[-5.737,34.73],[-5.729,34.73],[-5.719,34.727],[-5.717,34.72],[-5.711,34.719],[-5.71,34.713],[-5.715,34.705],[-5.705,34.711],[-5.683,34.713],[-5.674,34.721],[-5.673,34.725],[-5.668,34.726],[-5.667,34.734],[-5.652,34.736],[-5.644,34.74],[-5.629,34.736],[-5.633,34.732],[-5.634,34.726],[-5.608,34.721],[-5.605,34.723],[-5.603,34.717],[-5.598,34.717],[-5.59,34.722],[-5.588,34.715],[-5.58,34.708],[-5.576,34.699],[-5.576,34.693],[-5.552,34.694],[-5.552,34.689],[-5.549,34.673],[-5.552,34.671],[-5.552,34.668],[-5.551,34.667],[-5.549,34.669],[-5.547,34.668],[-5.542,34.669],[-5.541,34.668],[-5.538,34.657],[-5.528,34.639],[-5.522,34.639],[-5.514,34.645],[-5.506,34.645],[-5.494,34.639],[-5.489,34.631],[-5.483,34.632],[-5.475,34.63],[-5.461,34.628],[-5.457,34.622],[-5.445,34.624],[-5.444,34.62],[-5.439,34.619],[-5.422,34.608],[-5.417,34.599],[-5.414,34.595],[-5.416,34.59],[-5.413,34.587],[-5.429,34.574],[-5.432,34.566],[-5.43,34.564],[-5.431,34.562],[-5.434,34.561],[-5.435,34.558],[-5.433,34.553],[-5.429,34.55],[-5.431,34.544],[-5.429,34.542],[-5.431,34.54],[-5.428,34.537],[-5.42,34.537],[-5.409,34.534],[-5.399,34.527],[-5.397,34.523],[-5.395,34.522],[-5.387,34.523],[-5.388,34.53],[-5.392,34.535],[-5.389,34.537],[-5.344,34.527],[-5.326,34.519],[-5.315,34.516],[-5.281,34.515],[-5.256,34.533],[-5.264,34.537],[-5.267,34.542],[-5.265,34.549],[-5.259,34.556],[-5.198,34.558],[-5.193,34.57],[-5.181,34.59],[-5.183,34.594],[-5.196,34.597],[-5.182,34.607],[-5.181,34.614],[-5.183,34.659],[-5.189,34.67],[-5.185,34.686],[-5.181,34.693],[-5.186,34.706],[-5.182,34.709],[-5.185,34.713],[-5.185,34.72],[-5.181,34.739],[-5.153,34.76],[-5.145,34.765],[-5.125,34.767],[-5.112,34.776],[-5.09,34.78],[-5.084,34.775],[-5.08,34.782],[-5.021,34.801],[-5.017,34.801],[-5.015,34.798],[-5.018,34.793],[-5.017,34.792],[-5.012,34.793],[-4.987,34.794],[-4.983,34.793],[-4.982,34.79],[-4.978,34.79],[-4.975,34.794],[-4.951,34.808],[-4.921,34.814],[-4.908,34.824],[-4.885,34.833],[-4.875,34.826],[-4.863,34.825],[-4.83,34.83],[-4.807,34.835],[-4.791,34.843],[-4.792,34.824],[-4.788,34.801],[-4.786,34.782],[-4.787,34.773],[-4.781,34.762],[-4.778,34.75],[-4.754,34.735],[-4.745,34.733],[-4.745,34.731],[-4.724,34.719],[-4.666,34.719],[-4.659,34.723],[-4.628,34.724],[-4.589,34.715],[-4.578,34.7],[-4.573,34.683],[-4.541,34.702],[-4.519,34.697],[-4.506,34.701],[-4.493,34.692],[-4.434,34.668],[-4.437,34.672],[-4.431,34.684],[-4.421,34.692],[-4.416,34.711],[-4.381,34.706],[-4.354,34.713],[-4.343,34.711],[-4.324,34.717],[-4.315,34.723],[-4.312,34.732],[-4.297,34.739],[-4.294,34.752],[-4.304,34.762],[-4.288,34.776],[-4.261,34.794],[-4.248,34.807],[-4.235,34.795],[-4.224,34.779],[-4.212,34.767],[-4.171,34.751],[-4.155,34.758],[-4.143,34.744],[-4.099,34.764],[-4.08,34.782],[-4.059,34.798],[-4.044,34.813],[-4.034,34.826],[-4.014,34.824],[-4.009,34.826],[-4.0,34.827],[-3.951,34.837],[-3.942,34.84],[-3.936,34.839],[-3.934,34.842],[-3.928,34.841],[-3.929,34.846],[-3.924,34.848],[-3.919,34.852],[-3.904,34.85],[-3.829,34.868],[-3.82,34.888],[-3.821,34.896],[-3.828,34.91],[-3.829,34.919],[-3.819,34.93],[-3.826,34.934],[-3.813,34.96],[-3.806,34.985],[-3.811,34.997],[-3.81,35.005],[-3.816,35.012],[-3.817,35.024],[-3.815,35.036],[-3.817,35.043],[-3.809,35.059],[-3.81,35.071],[-3.812,35.076],[-3.809,35.079],[-3.815,35.098],[-3.814,35.117],[-3.806,35.151],[-3.813,35.16],[-3.805,35.165],[-3.803,35.175],[-3.814,35.184],[-3.824,35.199],[-3.839,35.197],[-3.855,35.198],[-3.87,35.203],[-3.884,35.205],[-3.9,35.211],[-3.903,35.213],[-3.907,35.214],[-3.91,35.217],[-3.91,35.22],[-3.912,35.219],[-3.915,35.221],[-3.914,35.225],[-3.917,35.226],[-3.919,35.229],[-3.917,35.232],[-3.921,35.231],[-3.923,35.233],[-3.923,35.235],[-3.921,35.236],[-3.922,35.236],[-3.923,35.238],[-3.919,35.24],[-3.92,35.241],[-3.926,35.243],[-3.926,35.245],[-3.922,35.245],[-3.92,35.246],[-3.923,35.246],[-3.921,35.248],[-3.924,35.247],[-3.923,35.248],[-3.925,35.249],[-3.92,35.25],[-3.918,35.247],[-3.92,35.25],[-3.914,35.254],[-3.92,35.259],[-3.931,35.262],[-3.942,35.258],[-3.951,35.251],[-3.966,35.245],[-3.966,35.243],[-3.972,35.242],[-3.971,35.24],[-3.981,35.236],[-3.992,35.234],[-3.994,35.237],[-4.005,35.232],[-4.008,35.232],[-4.018,35.236],[-4.016,35.24],[-4.02,35.24],[-4.026,35.237],[-4.03,35.236],[-4.03,35.237],[-4.033,35.234],[-4.039,35.234],[-4.04,35.236],[-4.042,35.235],[-4.045,35.237],[-4.044,35.235],[-4.044,35.233],[-4.05,35.231],[-4.052,35.229],[-4.056,35.228],[-4.061,35.23],[-4.07,35.224],[-4.079,35.223],[-4.083,35.22],[-4.087,35.219],[-4.09,35.221],[-4.091,35.219],[-4.096,35.217],[-4.096,35.216],[-4.1,35.213],[-4.107,35.21],[-4.116,35.204],[-4.122,35.206],[-4.128,35.202],[-4.133,35.203],[-4.136,35.2],[-4.146,35.199],[-4.149,35.2],[-4.151,35.198],[-4.154,35.197],[-4.16,35.202],[-4.165,35.202],[-4.176,35.198],[-4.19,35.198],[-4.205,35.19],[-4.207,35.19],[-4.207,35.188],[-4.214,35.189],[-4.214,35.186],[-4.219,35.184],[-4.227,35.186],[-4.24,35.185],[-4.249,35.188],[-4.283,35.178],[-4.288,35.181],[-4.288,35.177],[-4.29,35.176],[-4.29,35.173],[-4.295,35.171],[-4.298,35.171],[-4.3,35.167],[-4.304,35.167],[-4.307,35.169],[-4.31,35.169],[-4.31,35.166],[-4.315,35.167],[-4.314,35.164],[-4.32,35.164],[-4.321,35.161],[-4.324,35.158],[-4.333,35.157],[-4.337,35.158],[-4.346,35.152],[-4.351,35.151],[-4.356,35.147],[-4.366,35.149],[-4.366,35.152],[-4.37,35.151],[-4.369,35.151],[-4.37,35.149],[-4.374,35.148],[-4.376,35.15],[-4.377,35.154],[-4.383,35.153],[-4.391,35.153],[-4.404,35.158],[-4.409,35.159],[-4.418,35.156],[-4.43,35.155],[-4.467,35.165],[-4.475,35.17],[-4.492,35.176],[-4.51,35.177],[-4.52,35.175],[-4.551,35.183],[-4.56,35.184],[-4.566,35.187],[-4.572,35.187],[-4.592,35.192],[-4.603,35.188],[-4.615,35.189],[-4.634,35.197],[-4.647,35.209],[-4.649,35.212],[-4.649,35.214],[-4.652,35.212],[-4.653,35.213],[-4.653,35.212],[-4.656,35.213],[-4.655,35.211],[-4.658,35.21],[-4.661,35.21],[-4.659,35.213],[-4.663,35.212],[-4.666,35.208],[-4.677,35.205],[-4.722,35.217],[-4.738,35.225],[-4.749,35.224],[-4.766,35.234],[-4.781,35.237],[-4.785,35.24],[-4.794,35.25],[-4.807,35.256],[-4.817,35.258],[-4.83,35.266],[-4.84,35.276],[-4.844,35.277],[-4.868,35.302],[-4.879,35.3],[-4.89,35.304],[-4.897,35.305],[-4.927,35.318],[-4.936,35.327],[-4.936,35.328],[-4.934,35.327],[-4.94,35.336],[-4.959,35.351],[-4.973,35.365],[-4.987,35.373],[-5.001,35.388],[-5.005,35.389],[-5.016,35.403],[-5.023,35.402],[-5.03,35.399],[-5.061,35.407],[-5.071,35.42],[-5.106,35.477],[-5.111,35.477],[-5.126,35.489],[-5.132,35.493],[-5.143,35.497],[-5.153,35.505],[-5.164,35.52],[-5.169,35.523],[-5.173,35.531],[-5.185,35.536],[-5.193,35.535],[-5.2,35.541],[-5.204,35.541],[-5.209,35.538],[-5.213,35.538],[-5.226,35.55],[-5.232,35.549],[-5.234,35.547],[-5.238,35.549],[-5.243,35.553],[-5.254,35.58],[-5.257,35.582],[-5.265,35.602],[-5.266,35.604],[-5.264,35.604],[-5.268,35.611],[-5.266,35.612],[-5.268,35.612],[-5.269,35.614],[-5.284,35.666],[-5.282,35.667],[-5.283,35.668],[-5.28,35.676],[-5.273,35.683],[-5.273,35.686],[-5.282,35.686],[-5.293,35.687],[-5.308,35.682],[-5.313,35.685],[-5.31,35.682],[-5.311,35.682],[-5.314,35.682],[-5.313,35.683],[-5.314,35.684],[-5.316,35.683],[-5.314,35.684],[-5.319,35.683],[-5.326,35.693],[-5.332,35.707],[-5.336,35.718],[-5.333,35.72],[-5.334,35.721],[-5.335,35.719],[-5.338,35.719],[-5.335,35.721],[-5.336,35.722],[-5.342,35.748],[-5.34,35.752],[-5.342,35.753],[-5.341,35.755],[-5.343,35.756],[-5.34,35.755],[-5.338,35.751],[-5.339,35.756],[-5.344,35.758],[-5.346,35.772],[-5.345,35.774],[-5.348,35.778],[-5.353,35.84],[-5.352,35.841],[-5.354,35.842],[-5.352,35.842],[-5.352,35.841],[-5.352,35.842],[-5.353,35.843],[-5.352,35.849],[-5.346,35.855],[-5.343,35.871],[-5.348,35.872],[-5.35,35.876],[-5.352,35.873],[-5.356,35.873],[-5.36,35.876],[-5.36,35.878],[-5.372,35.882],[-5.375,35.888],[-5.375,35.894],[-5.378,35.896],[-5.377,35.905],[-5.38,35.911],[-5.382,35.913],[-5.391,35.909],[-5.394,35.91],[-5.4,35.913],[-5.397,35.917],[-5.401,35.922],[-5.416,35.91],[-5.424,35.91],[-5.427,35.908],[-5.432,35.907],[-5.438,35.91],[-5.442,35.904],[-5.45,35.906],[-5.451,35.908],[-5.451,35.912],[-5.457,35.915],[-5.465,35.914],[-5.475,35.906],[-5.48,35.906],[-5.483,35.908],[-5.487,35.899],[-5.492,35.897],[-5.487,35.898],[-5.5,35.887],[-5.503,35.889],[-5.501,35.891],[-5.503,35.89],[-5.505,35.891],[-5.501,35.896],[-5.494,35.9],[-5.504,35.894],[-5.508,35.884],[-5.519,35.882],[-5.514,35.881],[-5.518,35.877],[-5.521,35.876],[-5.523,35.878],[-5.522,35.884],[-5.522,35.883],[-5.526,35.88],[-5.525,35.881],[-5.52,35.874],[-5.53,35.867],[-5.53,35.865],[-5.532,35.866],[-5.531,35.867],[-5.533,35.866],[-5.534,35.868],[-5.538,35.864],[-5.543,35.859],[-5.54,35.857],[-5.541,35.856],[-5.546,35.861],[-5.539,35.875],[-5.548,35.861],[-5.541,35.855],[-5.543,35.854],[-5.542,35.853],[-5.556,35.844],[-5.56,35.845],[-5.561,35.847],[-5.56,35.848],[-5.562,35.848],[-5.566,35.843],[-5.569,35.841],[-5.571,35.843],[-5.57,35.842],[-5.573,35.841],[-5.571,35.841],[-5.575,35.839],[-5.576,35.841],[-5.574,35.842],[-5.577,35.841],[-5.577,35.842],[-5.57,35.847],[-5.578,35.842],[-5.578,35.841],[-5.576,35.838],[-5.579,35.839],[-5.581,35.836],[-5.589,35.833],[-5.604,35.83],[-5.609,35.832],[-5.618,35.833],[-5.62,35.835],[-5.628,35.835],[-5.643,35.831],[-5.65,35.828],[-5.655,35.828],[-5.661,35.83],[-5.668,35.83],[-5.671,35.833],[-5.677,35.833],[-5.679,35.837],[-5.684,35.837],[-5.686,35.838],[-5.69,35.838],[-5.693,35.835],[-5.7,35.832],[-5.704,35.832],[-5.707,35.83],[-5.713,35.83],[-5.717,35.829],[-5.719,35.831],[-5.721,35.83],[-5.723,35.824],[-5.735,35.82],[-5.738,35.82],[-5.739,35.818],[-5.744,35.819],[-5.75,35.818],[-5.751,35.814],[-5.748,35.811],[-5.748,35.805],[-5.752,35.798],[-5.755,35.796],[-5.761,35.788],[-5.764,35.788],[-5.763,35.788],[-5.767,35.785],[-5.766,35.784],[-5.769,35.783],[-5.77,35.784],[-5.769,35.782],[-5.782,35.777],[-5.788,35.777],[-5.796,35.778],[-5.8,35.781],[-5.797,35.784],[-5.8,35.781],[-5.803,35.781],[-5.805,35.782],[-5.797,35.787],[-5.795,35.783],[-5.795,35.785],[-5.798,35.788],[-5.802,35.786],[-5.805,35.787],[-5.806,35.785],[-5.808,35.787],[-5.804,35.788],[-5.802,35.787],[-5.804,35.789],[-5.802,35.79],[-5.804,35.79],[-5.803,35.791],[-5.793,35.791],[-5.802,35.792],[-5.808,35.789],[-5.812,35.791],[-5.812,35.793],[-5.81,35.793],[-5.812,35.793],[-5.813,35.791],[-5.822,35.793],[-5.826,35.795],[-5.836,35.795],[-5.839,35.797],[-5.845,35.798],[-5.848,35.801],[-5.851,35.797],[-5.86,35.798],[-5.863,35.796],[-5.87,35.798],[-5.876,35.797],[-5.882,35.798],[-5.884,35.799],[-5.888,35.799],[-5.89,35.801],[-5.902,35.8],[-5.908,35.801],[-5.912,35.798],[-5.921,35.793],[-5.926,35.792],[-5.929,35.789],[-5.932,35.782],[-5.931,35.78],[-5.934,35.775],[-5.933,35.774],[-5.94,35.76],[-5.938,35.757],[-5.969,35.671],[-5.973,35.651],[-5.995,35.578],[-5.995,35.574],[-5.998,35.57],[-6.008,35.537],[-6.008,35.532],[-6.019,35.498],[-6.028,35.475],[-6.031,35.473],[-6.034,35.474],[-6.031,35.471],[-6.038,35.469],[-6.036,35.467],[-6.04,35.469],[-6.034,35.473],[-6.04,35.469],[-6.039,35.467],[-6.046,35.459],[-6.05,35.455],[-6.053,35.451],[-6.052,35.449],[-6.058,35.441],[-6.058,35.438],[-6.06,35.438],[-6.064,35.42],[-6.075,35.401],[-6.079,35.397],[-6.082,35.396],[-6.081,35.39],[-6.086,35.379],[-6.089,35.365],[-6.113,35.298],[-6.151,35.204],[-6.156,35.204],[-6.148,35.203],[-6.147,35.2],[-6.151,35.2],[-6.155,35.202],[-6.152,35.2],[-6.156,35.196],[-6.16,35.197],[-6.162,35.194],[-6.166,35.195],[-6.169,35.193],[-6.181,35.159],[-6.185,35.158],[-6.184,35.154],[-6.187,35.145],[-6.189,35.143],[-6.193,35.133],[-6.195,35.132],[-6.196,35.125],[-6.199,35.12],[-6.201,35.119],[-6.209,35.098],[-6.214,35.088],[-6.223,35.053],[-6.243,35.001]]]}},{"type":"Feature","properties":{"name":"Oriental","iso":"MA-02"},"geometry":{"type":"Polygon","coordinates":[[[-3.82,34.888],[-3.816,34.885],[-3.792,34.882],[-3.77,34.887],[-3.76,34.881],[-3.764,34.862],[-3.752,34.843],[-3.695,34.848],[-3.668,34.846],[-3.627,34.848],[-3.605,34.844],[-3.593,34.83],[-3.593,34.789],[-3.62,34.741],[-3.613,34.722],[-3.591,34.701],[-3.615,34.69],[-3.634,34.674],[-3.642,34.659],[-3.641,34.633],[-3.654,34.628],[-3.67,34.625],[-3.693,34.624],[-3.703,34.626],[-3.716,34.63],[-3.718,34.639],[-3.723,34.64],[-3.728,34.639],[-3.733,34.635],[-3.734,34.626],[-3.743,34.62],[-3.752,34.617],[-3.763,34.618],[-3.772,34.622],[-3.774,34.62],[-3.77,34.609],[-3.758,34.591],[-3.764,34.584],[-3.769,34.575],[-3.757,34.561],[-3.758,34.559],[-3.755,34.554],[-3.746,34.547],[-3.754,34.541],[-3.756,34.539],[-3.753,34.535],[-3.754,34.533],[-3.757,34.531],[-3.762,34.53],[-3.776,34.498],[-3.792,34.48],[-3.796,34.479],[-3.796,34.475],[-3.831,34.46],[-3.844,34.456],[-3.851,34.446],[-3.841,34.44],[-3.856,34.411],[-3.848,34.413],[-3.834,34.413],[-3.836,34.411],[-3.846,34.405],[-3.847,34.4],[-3.844,34.395],[-3.838,34.394],[-3.846,34.388],[-3.845,34.384],[-3.854,34.379],[-3.86,34.371],[-3.849,34.366],[-3.843,34.371],[-3.84,34.369],[-3.84,34.364],[-3.844,34.356],[-3.844,34.343],[-3.834,34.338],[-3.839,34.334],[-3.85,34.317],[-3.862,34.307],[-3.869,34.305],[-3.88,34.305],[-3.887,34.302],[-3.895,34.307],[-3.906,34.306],[-3.912,34.306],[-3.914,34.303],[-3.917,34.301],[-3.909,34.284],[-3.91,34.275],[-3.914,34.273],[-3.908,34.26],[-3.889,34.26],[-3.886,34.258],[-3.883,34.25],[-3.889,34.241],[-3.878,34.231],[-3.884,34.227],[-3.887,34.229],[-3.892,34.229],[-3.896,34.225],[-3.883,34.222],[-3.878,34.223],[-3.853,34.217],[-3.839,34.211],[-3.828,34.213],[-3.816,34.21],[-3.824,34.184],[-3.825,34.171],[-3.831,34.153],[-3.832,34.136],[-3.838,34.127],[-3.83,34.118],[-3.833,34.116],[-3.837,34.102],[-3.838,34.073],[-3.842,34.055],[-3.851,34.038],[-3.853,34.03],[-3.853,34.023],[-3.846,34.022],[-3.825,34.008],[-3.835,34.005],[-3.851,33.995],[-3.867,33.99],[-3.866,33.985],[-3.87,33.982],[-3.877,33.983],[-3.886,33.973],[-3.892,33.973],[-3.897,33.96],[-3.907,33.922],[-3.911,33.917],[-3.906,33.907],[-3.905,33.9],[-3.902,33.892],[-3.906,33.875],[-3.915,33.853],[-3.928,33.832],[-3.955,33.81],[-3.976,33.782],[-3.966,33.781],[-3.969,33.776],[-3.968,33.769],[-3.96,33.742],[-3.959,33.734],[-3.989,33.72],[-4.0,33.721],[-4.01,33.72],[-4.103,33.682],[-4.08,33.675],[-4.088,33.664],[-4.123,33.664],[-4.12,33.649],[-4.113,33.647],[-4.108,33.639],[-4.085,33.639],[-4.085,33.624],[-4.093,33.603],[-4.101,33.587],[-4.111,33.576],[-4.11,33.561],[-4.092,33.555],[-4.077,33.544],[-4.058,33.526],[-4.031,33.517],[-4.01,33.524],[-3.983,33.513],[-3.961,33.513],[-3.947,33.515],[-3.934,33.528],[-3.93,33.546],[-3.899,33.55],[-3.889,33.571],[-3.874,33.571],[-3.848,33.542],[-3.846,33.528],[-3.847,33.521],[-3.843,33.509],[-3.838,33.511],[-3.825,33.527],[-3.794,33.557],[-3.809,33.571],[-3.823,33.57],[-3.857,33.593],[-3.803,33.657],[-3.737,33.678],[-3.712,33.701],[-3.693,33.728],[-3.651,33.741],[-3.612,33.787],[-3.587,33.813],[-3.576,33.829],[-3.558,33.848],[-3.542,33.868],[-3.532,33.895],[-3.516,33.91],[-3.493,33.906],[-3.466,33.878],[-3.429,33.863],[-3.42,33.848],[-3.379,33.832],[-3.364,33.812],[-3.331,33.787],[-3.302,33.778],[-3.277,33.776],[-3.235,33.764],[-3.191,33.76],[-3.153,33.764],[-3.127,33.764],[-3.094,33.762],[-3.045,33.765],[-3.032,33.731],[-3.058,33.706],[-3.091,33.69],[-3.123,33.66],[-3.12,33.633],[-3.153,33.603],[-3.175,33.591],[-3.19,33.57],[-3.214,33.565],[-3.22,33.558],[-3.227,33.554],[-3.228,33.535],[-3.245,33.528],[-3.257,33.517],[-3.121,33.406],[-3.07,33.368],[-3.041,33.343],[-2.999,33.318],[-2.935,33.256],[-2.925,33.24],[-2.906,33.217],[-2.899,33.2],[-2.907,33.177],[-2.942,33.152],[-2.978,33.133],[-3.029,33.114],[-3.234,33.077],[-3.341,33.06],[-3.436,33.057],[-3.515,33.085],[-3.56,33.098],[-3.568,33.108],[-3.576,33.108],[-3.586,33.101],[-3.604,33.095],[-3.617,33.078],[-3.65,33.057],[-3.683,33.027],[-3.713,32.979],[-3.727,32.948],[-3.75,32.926],[-3.799,32.896],[-3.83,32.866],[-3.868,32.824],[-3.911,32.763],[-3.947,32.719],[-3.979,32.688],[-4.016,32.641],[-4.015,32.62],[-4.018,32.608],[-4.003,32.579],[-3.964,32.555],[-3.921,32.534],[-3.94,32.507],[-3.933,32.479],[-3.916,32.45],[-3.855,32.403],[-3.821,32.345],[-3.81,32.316],[-3.808,32.282],[-3.818,32.264],[-3.813,32.257],[-3.773,32.264],[-3.754,32.261],[-3.747,32.243],[-3.752,32.225],[-3.754,32.202],[-3.674,32.197],[-3.632,32.2],[-3.601,32.205],[-3.583,32.198],[-3.617,32.172],[-3.636,32.153],[-3.647,32.137],[-3.634,32.121],[-3.615,32.109],[-3.566,32.127],[-3.542,32.143],[-3.511,32.147],[-3.484,32.144],[-3.427,32.127],[-3.377,32.109],[-3.333,32.106],[-3.309,32.126],[-3.268,32.147],[-3.193,32.177],[-3.262,32.092],[-3.272,32.011],[-3.27,31.971],[-3.244,31.906],[-3.193,31.813],[-3.184,31.815],[-3.182,31.831],[-3.113,31.84],[-3.156,31.797],[-3.197,31.772],[-3.256,31.728],[-3.252,31.714],[-3.001,31.759],[-3.003,31.762],[-3.001,31.765],[-2.983,31.769],[-2.87,31.788],[-2.821,31.794],[-2.823,31.801],[-2.822,31.814],[-2.825,31.82],[-2.833,31.827],[-2.84,31.827],[-2.844,31.832],[-2.843,31.845],[-2.837,31.856],[-2.838,31.865],[-2.842,31.869],[-2.841,31.873],[-2.842,31.884],[-2.852,31.893],[-2.855,31.903],[-2.862,31.911],[-2.863,31.914],[-2.867,31.916],[-2.875,31.928],[-2.884,31.935],[-2.884,31.94],[-2.882,31.955],[-2.885,31.966],[-2.899,31.978],[-2.906,31.994],[-2.91,31.997],[-2.916,32.008],[-2.917,32.012],[-2.928,32.023],[-2.931,32.028],[-2.931,32.035],[-2.928,32.044],[-2.929,32.048],[-2.924,32.059],[-2.921,32.071],[-2.91,32.079],[-2.904,32.088],[-2.873,32.111],[-2.82,32.115],[-2.799,32.113],[-2.764,32.113],[-2.753,32.111],[-2.729,32.111],[-2.697,32.116],[-2.664,32.118],[-2.6,32.113],[-2.592,32.116],[-2.56,32.139],[-2.547,32.145],[-2.505,32.151],[-2.486,32.152],[-2.464,32.16],[-2.436,32.16],[-2.43,32.15],[-2.406,32.158],[-2.388,32.155],[-2.372,32.156],[-2.371,32.154],[-2.367,32.154],[-2.363,32.155],[-2.361,32.157],[-2.352,32.154],[-2.351,32.155],[-2.332,32.157],[-2.328,32.156],[-2.314,32.158],[-2.3,32.151],[-2.296,32.153],[-2.287,32.153],[-2.286,32.163],[-2.278,32.169],[-2.259,32.162],[-2.246,32.162],[-2.232,32.159],[-2.19,32.143],[-2.18,32.142],[-2.15,32.144],[-2.132,32.146],[-2.102,32.154],[-2.088,32.16],[-2.015,32.182],[-1.997,32.176],[-1.989,32.174],[-1.98,32.168],[-1.977,32.161],[-1.969,32.157],[-1.944,32.159],[-1.927,32.151],[-1.926,32.156],[-1.921,32.162],[-1.91,32.165],[-1.903,32.164],[-1.891,32.158],[-1.883,32.152],[-1.875,32.152],[-1.873,32.15],[-1.874,32.147],[-1.868,32.144],[-1.86,32.147],[-1.856,32.149],[-1.851,32.147],[-1.847,32.148],[-1.843,32.147],[-1.843,32.145],[-1.838,32.143],[-1.83,32.146],[-1.826,32.145],[-1.823,32.142],[-1.819,32.142],[-1.802,32.136],[-1.784,32.136],[-1.78,32.132],[-1.769,32.13],[-1.761,32.125],[-1.757,32.126],[-1.749,32.121],[-1.739,32.122],[-1.734,32.12],[-1.727,32.121],[-1.712,32.114],[-1.708,32.115],[-1.706,32.118],[-1.697,32.119],[-1.679,32.115],[-1.677,32.112],[-1.668,32.112],[-1.662,32.109],[-1.657,32.11],[-1.647,32.108],[-1.641,32.11],[-1.627,32.104],[-1.58,32.092],[-1.566,32.093],[-1.505,32.104],[-1.498,32.103],[-1.483,32.095],[-1.45,32.093],[-1.41,32.087],[-1.382,32.086],[-1.362,32.092],[-1.352,32.09],[-1.338,32.083],[-1.333,32.083],[-1.281,32.085],[-1.273,32.087],[-1.264,32.079],[-1.256,32.077],[-1.24,32.077],[-1.233,32.081],[-1.233,32.078],[-1.23,32.076],[-1.23,32.079],[-1.221,32.08],[-1.206,32.085],[-1.204,32.085],[-1.196,32.09],[-1.193,32.096],[-1.185,32.099],[-1.183,32.103],[-1.178,32.103],[-1.172,32.107],[-1.167,32.105],[-1.165,32.11],[-1.152,32.111],[-1.155,32.119],[-1.153,32.128],[-1.165,32.135],[-1.172,32.151],[-1.183,32.164],[-1.192,32.169],[-1.217,32.176],[-1.233,32.174],[-1.237,32.169],[-1.25,32.165],[-1.256,32.167],[-1.259,32.166],[-1.265,32.162],[-1.276,32.164],[-1.288,32.159],[-1.292,32.163],[-1.298,32.165],[-1.3,32.168],[-1.282,32.177],[-1.277,32.185],[-1.273,32.188],[-1.261,32.191],[-1.257,32.198],[-1.243,32.204],[-1.241,32.206],[-1.243,32.224],[-1.248,32.242],[-1.246,32.246],[-1.248,32.251],[-1.241,32.261],[-1.243,32.269],[-1.235,32.29],[-1.237,32.305],[-1.235,32.31],[-1.237,32.313],[-1.245,32.315],[-1.25,32.322],[-1.251,32.327],[-1.246,32.331],[-1.234,32.336],[-1.231,32.341],[-1.224,32.345],[-1.218,32.361],[-1.212,32.371],[-1.207,32.387],[-1.21,32.392],[-1.204,32.4],[-1.2,32.404],[-1.178,32.413],[-1.152,32.418],[-1.139,32.416],[-1.122,32.415],[-1.121,32.42],[-1.117,32.423],[-1.111,32.422],[-1.104,32.432],[-1.089,32.44],[-1.08,32.443],[-1.068,32.45],[-1.06,32.463],[-1.051,32.468],[-1.047,32.477],[-1.032,32.484],[-1.021,32.494],[-1.016,32.5],[-1.016,32.505],[-1.012,32.507],[-1.001,32.506],[-0.998,32.513],[-1.0,32.52],[-1.004,32.522],[-1.005,32.527],[-1.01,32.532],[-1.045,32.547],[-1.106,32.587],[-1.123,32.595],[-1.129,32.602],[-1.271,32.696],[-1.382,32.74],[-1.498,32.899],[-1.544,32.958],[-1.538,32.959],[-1.511,32.97],[-1.502,32.969],[-1.496,32.967],[-1.486,32.975],[-1.472,33.004],[-1.477,33.014],[-1.477,33.022],[-1.469,33.033],[-1.464,33.037],[-1.462,33.042],[-1.471,33.069],[-1.475,33.077],[-1.48,33.08],[-1.484,33.081],[-1.488,33.086],[-1.492,33.086],[-1.499,33.091],[-1.504,33.09],[-1.515,33.094],[-1.518,33.099],[-1.524,33.101],[-1.535,33.108],[-1.539,33.118],[-1.557,33.131],[-1.565,33.14],[-1.573,33.146],[-1.576,33.149],[-1.574,33.155],[-1.577,33.157],[-1.58,33.17],[-1.588,33.179],[-1.591,33.187],[-1.6,33.195],[-1.598,33.202],[-1.6,33.205],[-1.605,33.209],[-1.607,33.213],[-1.629,33.224],[-1.642,33.246],[-1.646,33.251],[-1.655,33.256],[-1.666,33.272],[-1.67,33.284],[-1.666,33.287],[-1.665,33.29],[-1.666,33.294],[-1.659,33.301],[-1.662,33.318],[-1.659,33.339],[-1.66,33.346],[-1.664,33.352],[-1.663,33.364],[-1.664,33.378],[-1.653,33.404],[-1.649,33.408],[-1.648,33.419],[-1.646,33.423],[-1.628,33.432],[-1.629,33.438],[-1.621,33.448],[-1.623,33.453],[-1.621,33.457],[-1.624,33.461],[-1.621,33.465],[-1.62,33.47],[-1.618,33.471],[-1.618,33.473],[-1.621,33.477],[-1.622,33.488],[-1.606,33.498],[-1.595,33.521],[-1.588,33.529],[-1.594,33.539],[-1.596,33.539],[-1.598,33.542],[-1.601,33.547],[-1.599,33.551],[-1.603,33.556],[-1.603,33.558],[-1.597,33.558],[-1.593,33.565],[-1.595,33.567],[-1.593,33.573],[-1.595,33.574],[-1.6,33.573],[-1.601,33.576],[-1.596,33.586],[-1.6,33.593],[-1.597,33.597],[-1.599,33.602],[-1.595,33.605],[-1.6,33.615],[-1.608,33.62],[-1.618,33.622],[-1.625,33.625],[-1.631,33.631],[-1.644,33.661],[-1.647,33.676],[-1.653,33.681],[-1.658,33.682],[-1.672,33.679],[-1.678,33.676],[-1.69,33.675],[-1.702,33.676],[-1.708,33.678],[-1.709,33.685],[-1.712,33.687],[-1.723,33.694],[-1.738,33.701],[-1.73,33.734],[-1.671,33.773],[-1.699,33.87],[-1.665,34.018],[-1.659,34.056],[-1.653,34.08],[-1.651,34.097],[-1.648,34.105],[-1.671,34.155],[-1.692,34.194],[-1.707,34.23],[-1.706,34.251],[-1.712,34.262],[-1.708,34.274],[-1.711,34.289],[-1.705,34.307],[-1.734,34.345],[-1.752,34.361],[-1.769,34.372],[-1.776,34.382],[-1.782,34.394],[-1.742,34.434],[-1.718,34.46],[-1.701,34.477],[-1.698,34.478],[-1.698,34.481],[-1.687,34.49],[-1.687,34.493],[-1.704,34.496],[-1.706,34.499],[-1.714,34.5],[-1.72,34.505],[-1.727,34.507],[-1.732,34.504],[-1.735,34.505],[-1.741,34.508],[-1.743,34.513],[-1.762,34.522],[-1.756,34.522],[-1.754,34.527],[-1.756,34.529],[-1.761,34.528],[-1.764,34.531],[-1.768,34.542],[-1.78,34.55],[-1.79,34.561],[-1.79,34.571],[-1.797,34.578],[-1.799,34.584],[-1.804,34.587],[-1.812,34.595],[-1.817,34.605],[-1.822,34.606],[-1.823,34.61],[-1.829,34.61],[-1.831,34.612],[-1.835,34.613],[-1.839,34.617],[-1.851,34.615],[-1.853,34.615],[-1.854,34.616],[-1.851,34.619],[-1.844,34.623],[-1.839,34.628],[-1.836,34.629],[-1.83,34.64],[-1.817,34.656],[-1.816,34.66],[-1.81,34.663],[-1.802,34.671],[-1.79,34.688],[-1.775,34.699],[-1.772,34.712],[-1.773,34.715],[-1.771,34.719],[-1.771,34.725],[-1.739,34.744],[-1.75,34.748],[-1.752,34.752],[-1.762,34.755],[-1.784,34.765],[-1.79,34.766],[-1.798,34.771],[-1.806,34.773],[-1.813,34.777],[-1.811,34.779],[-1.815,34.783],[-1.822,34.782],[-1.842,34.788],[-1.859,34.802],[-1.889,34.806],[-1.89,34.826],[-1.894,34.842],[-1.924,34.857],[-1.93,34.858],[-1.933,34.861],[-1.941,34.862],[-1.951,34.87],[-1.955,34.872],[-1.961,34.876],[-1.966,34.878],[-1.969,34.877],[-1.973,34.879],[-1.972,34.883],[-1.975,34.89],[-1.974,34.902],[-1.971,34.908],[-1.974,34.914],[-1.973,34.936],[-1.992,34.93],[-2.002,34.929],[-2.012,34.932],[-2.028,34.926],[-2.035,34.925],[-2.046,34.927],[-2.058,34.937],[-2.085,34.951],[-2.094,34.959],[-2.098,34.965],[-2.104,34.967],[-2.106,34.97],[-2.109,34.971],[-2.11,34.976],[-2.113,34.975],[-2.118,34.981],[-2.122,34.983],[-2.124,34.988],[-2.122,34.99],[-2.127,34.996],[-2.13,34.997],[-2.134,34.996],[-2.137,35.001],[-2.144,34.999],[-2.157,35.006],[-2.16,35.005],[-2.16,35.008],[-2.164,35.007],[-2.166,35.005],[-2.173,35.013],[-2.172,35.015],[-2.179,35.015],[-2.178,35.017],[-2.181,35.018],[-2.184,35.021],[-2.183,35.024],[-2.188,35.024],[-2.185,35.026],[-2.184,35.031],[-2.191,35.031],[-2.195,35.034],[-2.195,35.037],[-2.198,35.037],[-2.2,35.039],[-2.203,35.037],[-2.203,35.04],[-2.208,35.041],[-2.21,35.044],[-2.214,35.044],[-2.213,35.047],[-2.218,35.048],[-2.214,35.052],[-2.214,35.058],[-2.211,35.058],[-2.215,35.069],[-2.212,35.085],[-2.232,35.089],[-2.266,35.099],[-2.293,35.11],[-2.293,35.113],[-2.295,35.115],[-2.295,35.116],[-2.296,35.115],[-2.293,35.113],[-2.293,35.109],[-2.295,35.108],[-2.294,35.109],[-2.298,35.109],[-2.298,35.111],[-2.294,35.11],[-2.294,35.112],[-2.296,35.112],[-2.295,35.114],[-2.299,35.114],[-2.299,35.115],[-2.298,35.118],[-2.293,35.117],[-2.297,35.118],[-2.299,35.117],[-2.3,35.115],[-2.3,35.114],[-2.306,35.114],[-2.34,35.124],[-2.354,35.125],[-2.383,35.131],[-2.419,35.143],[-2.42,35.146],[-2.421,35.144],[-2.423,35.144],[-2.422,35.146],[-2.423,35.147],[-2.418,35.147],[-2.424,35.148],[-2.44,35.136],[-2.452,35.125],[-2.456,35.122],[-2.458,35.122],[-2.459,35.119],[-2.464,35.118],[-2.481,35.105],[-2.49,35.1],[-2.495,35.1],[-2.496,35.098],[-2.497,35.1],[-2.501,35.1],[-2.501,35.098],[-2.503,35.098],[-2.505,35.095],[-2.513,35.092],[-2.515,35.093],[-2.516,35.091],[-2.52,35.089],[-2.528,35.088],[-2.53,35.089],[-2.53,35.087],[-2.537,35.085],[-2.556,35.084],[-2.565,35.081],[-2.592,35.085],[-2.599,35.088],[-2.608,35.085],[-2.625,35.087],[-2.639,35.09],[-2.651,35.091],[-2.673,35.1],[-2.68,35.099],[-2.687,35.101],[-2.687,35.102],[-2.69,35.101],[-2.723,35.118],[-2.729,35.119],[-2.734,35.122],[-2.743,35.123],[-2.764,35.134],[-2.84,35.193],[-2.84,35.197],[-2.843,35.193],[-2.845,35.195],[-2.841,35.197],[-2.844,35.196],[-2.857,35.206],[-2.855,35.211],[-2.862,35.199],[-2.86,35.202],[-2.86,35.201],[-2.855,35.198],[-2.853,35.194],[-2.845,35.194],[-2.843,35.193],[-2.844,35.191],[-2.835,35.187],[-2.825,35.176],[-2.816,35.17],[-2.813,35.165],[-2.806,35.16],[-2.803,35.16],[-2.801,35.157],[-2.789,35.152],[-2.784,35.14],[-2.778,35.137],[-2.784,35.14],[-2.785,35.144],[-2.783,35.14],[-2.772,35.135],[-2.767,35.127],[-2.761,35.121],[-2.757,35.12],[-2.761,35.121],[-2.76,35.122],[-2.763,35.124],[-2.758,35.124],[-2.752,35.12],[-2.749,35.115],[-2.745,35.113],[-2.746,35.11],[-2.75,35.106],[-2.75,35.103],[-2.755,35.098],[-2.763,35.098],[-2.781,35.101],[-2.785,35.103],[-2.811,35.102],[-2.816,35.105],[-2.832,35.109],[-2.85,35.119],[-2.858,35.121],[-2.859,35.124],[-2.865,35.124],[-2.881,35.132],[-2.896,35.142],[-2.902,35.149],[-2.906,35.156],[-2.905,35.159],[-2.905,35.155],[-2.903,35.152],[-2.902,35.152],[-2.902,35.155],[-2.903,35.153],[-2.905,35.155],[-2.905,35.158],[-2.902,35.157],[-2.902,35.158],[-2.905,35.159],[-2.906,35.164],[-2.908,35.163],[-2.911,35.165],[-2.915,35.171],[-2.914,35.172],[-2.917,35.173],[-2.924,35.185],[-2.923,35.185],[-2.927,35.193],[-2.925,35.198],[-2.918,35.201],[-2.918,35.204],[-2.911,35.206],[-2.911,35.211],[-2.904,35.206],[-2.899,35.21],[-2.899,35.213],[-2.901,35.216],[-2.905,35.216],[-2.904,35.217],[-2.906,35.218],[-2.907,35.217],[-2.912,35.219],[-2.917,35.217],[-2.924,35.225],[-2.924,35.231],[-2.931,35.239],[-2.93,35.242],[-2.931,35.245],[-2.929,35.247],[-2.929,35.251],[-2.922,35.258],[-2.919,35.255],[-2.921,35.255],[-2.915,35.252],[-2.915,35.247],[-2.912,35.247],[-2.911,35.246],[-2.905,35.244],[-2.903,35.235],[-2.9,35.236],[-2.9,35.238],[-2.899,35.239],[-2.9,35.238],[-2.897,35.238],[-2.901,35.234],[-2.895,35.234],[-2.88,35.222],[-2.877,35.218],[-2.878,35.218],[-2.877,35.216],[-2.876,35.212],[-2.874,35.213],[-2.873,35.212],[-2.873,35.208],[-2.87,35.21],[-2.867,35.209],[-2.861,35.206],[-2.865,35.201],[-2.858,35.21],[-2.858,35.212],[-2.859,35.209],[-2.864,35.211],[-2.892,35.235],[-2.923,35.264],[-2.914,35.277],[-2.918,35.284],[-2.914,35.277],[-2.915,35.276],[-2.918,35.279],[-2.921,35.279],[-2.916,35.274],[-2.918,35.273],[-2.922,35.277],[-2.919,35.271],[-2.924,35.27],[-2.921,35.269],[-2.923,35.268],[-2.926,35.27],[-2.924,35.272],[-2.927,35.271],[-2.926,35.273],[-2.928,35.272],[-2.927,35.274],[-2.929,35.271],[-2.939,35.267],[-2.951,35.266],[-2.954,35.273],[-2.968,35.282],[-2.968,35.285],[-2.965,35.287],[-2.965,35.289],[-2.97,35.289],[-2.968,35.301],[-2.961,35.315],[-2.952,35.32],[-2.962,35.332],[-2.961,35.338],[-2.956,35.347],[-2.96,35.347],[-2.962,35.354],[-2.964,35.354],[-2.963,35.356],[-2.965,35.356],[-2.964,35.358],[-2.97,35.359],[-2.971,35.363],[-2.971,35.367],[-2.966,35.374],[-2.966,35.38],[-2.959,35.384],[-2.964,35.391],[-2.956,35.404],[-2.96,35.404],[-2.96,35.406],[-2.964,35.407],[-2.964,35.412],[-2.962,35.415],[-2.961,35.418],[-2.955,35.421],[-2.954,35.423],[-2.951,35.424],[-2.95,35.426],[-2.956,35.436],[-2.961,35.437],[-2.962,35.439],[-2.965,35.437],[-2.965,35.436],[-2.971,35.436],[-2.973,35.44],[-2.976,35.439],[-2.977,35.44],[-2.976,35.437],[-2.979,35.437],[-2.983,35.434],[-2.988,35.435],[-2.989,35.433],[-2.995,35.436],[-2.993,35.433],[-2.995,35.432],[-2.995,35.423],[-2.997,35.421],[-2.995,35.417],[-2.997,35.417],[-2.996,35.415],[-2.999,35.413],[-3.005,35.411],[-3.004,35.409],[-3.006,35.409],[-3.007,35.406],[-3.005,35.404],[-3.009,35.404],[-3.01,35.402],[-3.009,35.4],[-3.004,35.4],[-3.003,35.397],[-3.005,35.396],[-3.006,35.394],[-3.011,35.395],[-3.011,35.393],[-3.008,35.391],[-3.01,35.389],[-3.008,35.388],[-3.01,35.387],[-3.009,35.386],[-3.011,35.385],[-3.009,35.384],[-3.011,35.383],[-3.01,35.382],[-3.012,35.381],[-3.013,35.377],[-3.016,35.374],[-3.018,35.368],[-3.02,35.368],[-3.022,35.362],[-3.024,35.361],[-3.024,35.36],[-3.028,35.356],[-3.027,35.351],[-3.029,35.351],[-3.032,35.344],[-3.039,35.336],[-3.039,35.333],[-3.044,35.328],[-3.049,35.318],[-3.055,35.312],[-3.06,35.304],[-3.064,35.301],[-3.063,35.299],[-3.065,35.3],[-3.068,35.295],[-3.073,35.292],[-3.084,35.281],[-3.103,35.273],[-3.11,35.272],[-3.112,35.274],[-3.116,35.275],[-3.117,35.277],[-3.121,35.279],[-3.125,35.284],[-3.13,35.283],[-3.135,35.285],[-3.134,35.28],[-3.14,35.274],[-3.143,35.274],[-3.142,35.27],[-3.16,35.251],[-3.171,35.241],[-3.19,35.229],[-3.203,35.224],[-3.209,35.223],[-3.211,35.228],[-3.217,35.227],[-3.226,35.222],[-3.238,35.222],[-3.239,35.219],[-3.248,35.219],[-3.259,35.213],[-3.274,35.21],[-3.277,35.211],[-3.293,35.206],[-3.299,35.206],[-3.311,35.2],[-3.311,35.198],[-3.324,35.19],[-3.335,35.186],[-3.35,35.186],[-3.357,35.189],[-3.365,35.189],[-3.386,35.189],[-3.402,35.192],[-3.426,35.192],[-3.446,35.199],[-3.448,35.205],[-3.45,35.204],[-3.451,35.206],[-3.452,35.205],[-3.453,35.206],[-3.455,35.203],[-3.475,35.198],[-3.489,35.199],[-3.512,35.207],[-3.538,35.218],[-3.559,35.222],[-3.566,35.22],[-3.571,35.221],[-3.593,35.229],[-3.616,35.241],[-3.618,35.244],[-3.623,35.247],[-3.627,35.248],[-3.64,35.256],[-3.661,35.266],[-3.675,35.278],[-3.676,35.285],[-3.678,35.286],[-3.685,35.284],[-3.706,35.288],[-3.71,35.288],[-3.715,35.283],[-3.718,35.283],[-3.72,35.286],[-3.721,35.285],[-3.73,35.283],[-3.743,35.274],[-3.75,35.274],[-3.758,35.265],[-3.758,35.261],[-3.761,35.254],[-3.765,35.232],[-3.77,35.228],[-3.771,35.223],[-3.79,35.209],[-3.806,35.203],[-3.824,35.199],[-3.814,35.184],[-3.803,35.175],[-3.805,35.165],[-3.813,35.16],[-3.806,35.151],[-3.814,35.117],[-3.815,35.098],[-3.809,35.079],[-3.812,35.076],[-3.81,35.071],[-3.809,35.059],[-3.817,35.043],[-3.815,35.036],[-3.817,35.024],[-3.816,35.012],[-3.81,35.005],[-3.811,34.997],[-3.806,34.985],[-3.813,34.96],[-3.826,34.934],[-3.819,34.93],[-3.829,34.919],[-3.828,34.91],[-3.821,34.896],[-3.82,34.888]]]}},{"type":"Feature","properties":{"name":"Drâa-Tafilalet","iso":"MA-08"},"geometry":{"type":"Polygon","coordinates":[[[-4.018,32.608],[-4.058,32.601],[-4.104,32.623],[-4.174,32.601],[-4.217,32.614],[-4.242,32.657],[-4.285,32.715],[-4.324,32.75],[-4.371,32.787],[-4.405,32.811],[-4.418,32.816],[-4.464,32.842],[-4.487,32.868],[-4.477,32.883],[-4.524,32.895],[-4.558,32.896],[-4.623,32.88],[-4.656,32.881],[-4.714,32.892],[-4.77,32.912],[-4.773,32.927],[-4.755,32.96],[-4.766,33.0],[-4.775,33.018],[-4.808,33.048],[-4.821,33.073],[-4.828,33.098],[-4.835,33.086],[-4.846,33.076],[-4.863,33.074],[-4.893,33.079],[-4.949,33.081],[-4.98,33.081],[-4.996,33.083],[-5.017,33.074],[-5.027,33.067],[-5.036,33.058],[-5.044,33.046],[-5.055,33.041],[-5.066,33.028],[-5.072,33.024],[-5.057,32.981],[-5.093,32.96],[-5.127,32.945],[-5.133,32.918],[-5.142,32.909],[-5.169,32.905],[-5.19,32.916],[-5.23,32.884],[-5.255,32.869],[-5.249,32.857],[-5.262,32.854],[-5.288,32.84],[-5.297,32.821],[-5.312,32.807],[-5.309,32.801],[-5.299,32.795],[-5.311,32.787],[-5.317,32.778],[-5.318,32.764],[-5.313,32.745],[-5.314,32.732],[-5.315,32.719],[-5.321,32.712],[-5.321,32.699],[-5.317,32.693],[-5.313,32.667],[-5.324,32.63],[-5.322,32.617],[-5.346,32.602],[-5.341,32.594],[-5.339,32.587],[-5.339,32.574],[-5.348,32.555],[-5.352,32.541],[-5.355,32.515],[-5.389,32.521],[-5.398,32.525],[-5.405,32.515],[-5.394,32.499],[-5.396,32.483],[-5.403,32.471],[-5.41,32.466],[-5.444,32.457],[-5.463,32.455],[-5.536,32.454],[-5.528,32.436],[-5.536,32.421],[-5.525,32.391],[-5.527,32.368],[-5.534,32.362],[-5.474,32.346],[-5.483,32.33],[-5.509,32.302],[-5.508,32.294],[-5.501,32.282],[-5.5,32.274],[-5.483,32.26],[-5.455,32.243],[-5.452,32.238],[-5.447,32.225],[-5.447,32.217],[-5.458,32.214],[-5.509,32.226],[-5.537,32.238],[-5.563,32.24],[-5.587,32.221],[-5.639,32.216],[-5.678,32.214],[-5.688,32.199],[-5.718,32.177],[-5.747,32.145],[-5.803,32.128],[-5.826,32.129],[-5.844,32.132],[-5.846,32.128],[-5.858,32.118],[-5.864,32.108],[-5.868,32.098],[-5.867,32.087],[-5.875,32.063],[-5.882,32.029],[-5.888,31.983],[-5.826,31.964],[-5.803,31.939],[-5.799,31.928],[-5.824,31.894],[-5.825,31.868],[-5.817,31.858],[-5.855,31.839],[-5.894,31.832],[-5.921,31.821],[-5.925,31.817],[-5.944,31.786],[-5.951,31.771],[-5.966,31.751],[-5.98,31.74],[-6.002,31.73],[-6.018,31.72],[-6.06,31.706],[-6.123,31.691],[-6.261,31.636],[-6.314,31.62],[-6.356,31.603],[-6.396,31.591],[-6.423,31.579],[-6.433,31.57],[-6.45,31.548],[-6.456,31.546],[-6.475,31.549],[-6.481,31.556],[-6.484,31.543],[-6.495,31.536],[-6.51,31.532],[-6.532,31.524],[-6.563,31.508],[-6.633,31.461],[-6.662,31.462],[-6.701,31.469],[-6.703,31.418],[-6.713,31.376],[-6.719,31.358],[-6.733,31.349],[-6.744,31.349],[-6.759,31.346],[-6.809,31.343],[-6.924,31.345],[-6.973,31.351],[-6.996,31.349],[-7.009,31.339],[-7.034,31.387],[-7.039,31.39],[-7.045,31.386],[-7.053,31.377],[-7.061,31.37],[-7.102,31.365],[-7.116,31.368],[-7.122,31.368],[-7.127,31.366],[-7.139,31.381],[-7.143,31.397],[-7.156,31.428],[-7.159,31.427],[-7.164,31.422],[-7.174,31.417],[-7.185,31.429],[-7.218,31.414],[-7.239,31.393],[-7.234,31.375],[-7.253,31.349],[-7.306,31.318],[-7.352,31.296],[-7.386,31.287],[-7.397,31.286],[-7.436,31.291],[-7.436,31.284],[-7.447,31.277],[-7.478,31.27],[-7.499,31.251],[-7.584,31.245],[-7.587,31.229],[-7.599,31.209],[-7.625,31.199],[-7.65,31.191],[-7.663,31.178],[-7.679,31.174],[-7.697,31.163],[-7.7,31.144],[-7.712,31.131],[-7.732,31.135],[-7.744,31.127],[-7.752,31.105],[-7.751,31.099],[-7.739,31.079],[-7.727,31.066],[-7.73,31.056],[-7.714,31.038],[-7.721,31.02],[-7.72,30.991],[-7.724,30.96],[-7.728,30.952],[-7.73,30.94],[-7.732,30.906],[-7.736,30.888],[-7.734,30.861],[-7.709,30.851],[-7.667,30.86],[-7.63,30.863],[-7.669,30.838],[-7.68,30.818],[-7.668,30.791],[-7.671,30.773],[-7.676,30.765],[-7.683,30.767],[-7.682,30.761],[-7.686,30.754],[-7.697,30.754],[-7.71,30.741],[-7.571,30.729],[-7.566,30.705],[-7.559,30.682],[-7.557,30.651],[-7.57,30.644],[-7.555,30.598],[-7.541,30.573],[-7.528,30.555],[-7.523,30.546],[-7.516,30.543],[-7.544,30.528],[-7.571,30.525],[-7.611,30.481],[-7.633,30.475],[-7.665,30.458],[-7.678,30.456],[-7.686,30.45],[-7.693,30.424],[-7.691,30.411],[-7.679,30.379],[-7.654,30.387],[-7.637,30.397],[-7.628,30.405],[-7.608,30.317],[-7.586,30.291],[-7.58,30.282],[-7.578,30.267],[-7.584,30.256],[-7.582,30.248],[-7.589,30.241],[-7.607,30.232],[-7.629,30.227],[-7.626,30.212],[-7.605,30.214],[-7.591,30.207],[-7.572,30.21],[-7.538,30.226],[-7.51,30.206],[-7.49,30.198],[-7.47,30.213],[-7.422,30.187],[-7.369,30.189],[-7.353,30.159],[-7.331,30.127],[-7.32,30.115],[-7.302,30.103],[-7.296,30.113],[-7.288,30.122],[-7.295,30.137],[-7.292,30.148],[-7.298,30.165],[-7.294,30.193],[-7.295,30.213],[-7.279,30.229],[-7.232,30.295],[-7.194,30.338],[-7.18,30.351],[-7.171,30.37],[-7.16,30.377],[-7.121,30.362],[-7.05,30.345],[-7.022,30.335],[-6.925,30.355],[-6.899,30.348],[-6.883,30.332],[-6.856,30.361],[-6.856,30.373],[-6.861,30.401],[-6.855,30.438],[-6.861,30.457],[-6.833,30.46],[-6.811,30.423],[-6.735,30.437],[-6.689,30.447],[-6.671,30.461],[-6.657,30.462],[-6.642,30.441],[-6.639,30.439],[-6.644,30.427],[-6.638,30.416],[-6.614,30.414],[-6.576,30.374],[-6.549,30.342],[-6.512,30.316],[-6.511,30.291],[-6.557,30.259],[-6.59,30.229],[-6.503,30.149],[-6.488,30.128],[-6.508,30.075],[-6.479,30.026],[-6.398,30.047],[-6.388,30.04],[-6.365,30.039],[-6.354,30.031],[-6.357,30.012],[-6.4,29.999],[-6.432,29.973],[-6.43,29.965],[-6.43,29.959],[-6.422,29.945],[-6.419,29.922],[-6.421,29.902],[-6.406,29.848],[-6.406,29.828],[-6.403,29.806],[-6.404,29.791],[-6.397,29.764],[-6.39,29.745],[-6.413,29.724],[-6.425,29.699],[-6.422,29.681],[-6.406,29.663],[-6.405,29.647],[-6.421,29.628],[-6.449,29.566],[-6.44,29.566],[-6.409,29.563],[-6.398,29.56],[-6.395,29.555],[-6.39,29.551],[-6.389,29.557],[-6.387,29.562],[-6.38,29.566],[-6.374,29.568],[-6.365,29.569],[-6.345,29.567],[-6.317,29.57],[-6.303,29.567],[-6.29,29.57],[-6.276,29.568],[-6.262,29.568],[-6.247,29.565],[-6.235,29.57],[-6.221,29.573],[-6.221,29.578],[-6.213,29.576],[-6.2,29.578],[-6.186,29.577],[-6.165,29.582],[-6.158,29.582],[-6.152,29.578],[-6.138,29.576],[-6.125,29.571],[-6.118,29.569],[-6.104,29.57],[-6.091,29.566],[-6.07,29.562],[-6.063,29.563],[-6.049,29.566],[-6.038,29.573],[-6.031,29.574],[-6.024,29.573],[-6.017,29.573],[-6.012,29.577],[-5.998,29.578],[-5.957,29.59],[-5.922,29.596],[-5.88,29.596],[-5.87,29.605],[-5.864,29.608],[-5.842,29.608],[-5.821,29.611],[-5.8,29.615],[-5.787,29.61],[-5.773,29.608],[-5.746,29.601],[-5.733,29.595],[-5.723,29.586],[-5.722,29.58],[-5.724,29.574],[-5.742,29.554],[-5.744,29.548],[-5.751,29.53],[-5.752,29.524],[-5.749,29.518],[-5.743,29.516],[-5.715,29.52],[-5.703,29.527],[-5.694,29.537],[-5.689,29.54],[-5.678,29.531],[-5.674,29.525],[-5.669,29.522],[-5.662,29.512],[-5.651,29.505],[-5.63,29.501],[-5.619,29.493],[-5.606,29.489],[-5.599,29.488],[-5.592,29.49],[-5.585,29.491],[-5.578,29.49],[-5.572,29.487],[-5.57,29.48],[-5.565,29.477],[-5.558,29.479],[-5.554,29.483],[-5.553,29.489],[-5.542,29.512],[-5.335,29.768],[-5.325,29.783],[-5.321,29.798],[-5.329,29.828],[-5.328,29.837],[-5.324,29.847],[-5.286,29.898],[-5.275,29.906],[-5.253,29.916],[-5.241,29.934],[-5.186,29.97],[-5.146,29.995],[-5.139,30.001],[-5.124,30.003],[-5.115,30.01],[-4.937,30.14],[-4.607,30.283],[-4.321,30.529],[-4.147,30.585],[-3.996,30.593],[-3.969,30.599],[-3.927,30.604],[-3.92,30.599],[-3.914,30.602],[-3.904,30.602],[-3.891,30.609],[-3.887,30.611],[-3.866,30.605],[-3.847,30.595],[-3.834,30.596],[-3.821,30.59],[-3.817,30.59],[-3.792,30.607],[-3.785,30.61],[-3.783,30.609],[-3.781,30.611],[-3.778,30.61],[-3.774,30.613],[-3.768,30.626],[-3.763,30.627],[-3.745,30.636],[-3.743,30.64],[-3.722,30.645],[-3.72,30.646],[-3.721,30.649],[-3.716,30.649],[-3.709,30.655],[-3.692,30.661],[-3.682,30.668],[-3.672,30.664],[-3.667,30.66],[-3.664,30.67],[-3.657,30.672],[-3.654,30.675],[-3.645,30.69],[-3.647,30.699],[-3.646,30.702],[-3.64,30.706],[-3.639,30.711],[-3.636,30.716],[-3.636,30.723],[-3.633,30.725],[-3.632,30.729],[-3.632,30.741],[-3.63,30.745],[-3.635,30.764],[-3.645,30.768],[-3.651,30.807],[-3.651,30.839],[-3.655,30.848],[-3.66,30.852],[-3.643,30.856],[-3.639,30.858],[-3.637,30.866],[-3.633,30.868],[-3.636,30.876],[-3.63,30.872],[-3.627,30.869],[-3.624,30.869],[-3.624,30.865],[-3.62,30.864],[-3.616,30.866],[-3.613,30.873],[-3.614,30.877],[-3.611,30.879],[-3.606,30.879],[-3.605,30.895],[-3.601,30.896],[-3.598,30.893],[-3.594,30.895],[-3.583,30.908],[-3.587,30.919],[-3.583,30.921],[-3.578,30.92],[-3.575,30.922],[-3.577,30.93],[-3.575,30.934],[-3.571,30.935],[-3.564,30.929],[-3.56,30.929],[-3.557,30.932],[-3.559,30.94],[-3.557,30.941],[-3.553,30.939],[-3.552,30.942],[-3.557,30.948],[-3.554,30.951],[-3.541,30.955],[-3.541,30.963],[-3.549,30.963],[-3.546,30.967],[-3.546,30.971],[-3.538,30.974],[-3.543,30.981],[-3.539,30.988],[-3.541,30.996],[-3.537,31.002],[-3.538,31.006],[-3.536,31.014],[-3.538,31.017],[-3.541,31.019],[-3.542,31.039],[-3.546,31.038],[-3.548,31.032],[-3.551,31.04],[-3.555,31.04],[-3.552,31.043],[-3.55,31.051],[-3.549,31.061],[-3.552,31.064],[-3.553,31.06],[-3.556,31.064],[-3.558,31.06],[-3.561,31.061],[-3.558,31.053],[-3.559,31.049],[-3.564,31.047],[-3.567,31.053],[-3.572,31.052],[-3.571,31.048],[-3.574,31.043],[-3.577,31.048],[-3.581,31.05],[-3.584,31.05],[-3.588,31.058],[-3.592,31.058],[-3.593,31.07],[-3.592,31.074],[-3.594,31.076],[-3.603,31.074],[-3.606,31.076],[-3.608,31.088],[-3.608,31.092],[-3.605,31.095],[-3.611,31.101],[-3.614,31.099],[-3.618,31.099],[-3.615,31.116],[-3.616,31.119],[-3.62,31.12],[-3.626,31.114],[-3.63,31.106],[-3.637,31.111],[-3.639,31.115],[-3.639,31.123],[-3.638,31.134],[-3.635,31.138],[-3.638,31.153],[-3.639,31.17],[-3.642,31.168],[-3.643,31.157],[-3.641,31.153],[-3.641,31.145],[-3.639,31.142],[-3.641,31.139],[-3.645,31.139],[-3.652,31.134],[-3.647,31.133],[-3.645,31.13],[-3.644,31.11],[-3.637,31.1],[-3.641,31.094],[-3.645,31.093],[-3.649,31.094],[-3.651,31.098],[-3.654,31.099],[-3.654,31.095],[-3.657,31.095],[-3.658,31.099],[-3.661,31.102],[-3.665,31.103],[-3.665,31.099],[-3.662,31.092],[-3.666,31.094],[-3.666,31.09],[-3.664,31.088],[-3.66,31.086],[-3.656,31.086],[-3.652,31.088],[-3.647,31.085],[-3.643,31.086],[-3.644,31.082],[-3.663,31.082],[-3.672,31.085],[-3.676,31.084],[-3.68,31.087],[-3.679,31.091],[-3.674,31.097],[-3.676,31.109],[-3.67,31.12],[-3.673,31.132],[-3.672,31.151],[-3.681,31.165],[-3.694,31.167],[-3.698,31.162],[-3.7,31.17],[-3.7,31.174],[-3.702,31.176],[-3.704,31.172],[-3.711,31.169],[-3.714,31.166],[-3.705,31.152],[-3.707,31.14],[-3.705,31.137],[-3.708,31.137],[-3.708,31.149],[-3.711,31.154],[-3.714,31.152],[-3.719,31.151],[-3.721,31.147],[-3.724,31.146],[-3.734,31.146],[-3.734,31.143],[-3.726,31.139],[-3.724,31.135],[-3.725,31.128],[-3.729,31.125],[-3.731,31.117],[-3.734,31.115],[-3.741,31.125],[-3.746,31.126],[-3.753,31.124],[-3.756,31.127],[-3.76,31.126],[-3.772,31.12],[-3.774,31.116],[-3.772,31.104],[-3.775,31.101],[-3.777,31.104],[-3.778,31.124],[-3.775,31.136],[-3.777,31.144],[-3.777,31.148],[-3.774,31.155],[-3.767,31.161],[-3.761,31.172],[-3.759,31.18],[-3.767,31.184],[-3.766,31.192],[-3.768,31.2],[-3.77,31.208],[-3.773,31.211],[-3.772,31.223],[-3.775,31.223],[-3.779,31.22],[-3.783,31.222],[-3.784,31.226],[-3.791,31.236],[-3.787,31.238],[-3.784,31.241],[-3.78,31.242],[-3.78,31.246],[-3.783,31.249],[-3.777,31.252],[-3.77,31.258],[-3.759,31.263],[-3.754,31.279],[-3.757,31.282],[-3.765,31.278],[-3.77,31.278],[-3.773,31.281],[-3.775,31.292],[-3.782,31.287],[-3.785,31.289],[-3.786,31.293],[-3.775,31.305],[-3.763,31.311],[-3.76,31.322],[-3.765,31.334],[-3.757,31.337],[-3.754,31.34],[-3.758,31.343],[-3.758,31.347],[-3.753,31.353],[-3.749,31.361],[-3.745,31.361],[-3.741,31.359],[-3.736,31.344],[-3.727,31.341],[-3.723,31.342],[-3.715,31.347],[-3.713,31.35],[-3.712,31.362],[-3.704,31.366],[-3.695,31.363],[-3.689,31.369],[-3.679,31.371],[-3.674,31.377],[-3.673,31.385],[-3.669,31.386],[-3.665,31.379],[-3.661,31.378],[-3.647,31.394],[-3.648,31.397],[-3.663,31.398],[-3.665,31.401],[-3.665,31.634],[-3.319,31.7],[-3.252,31.714],[-3.256,31.728],[-3.197,31.772],[-3.156,31.797],[-3.113,31.84],[-3.182,31.831],[-3.184,31.815],[-3.193,31.813],[-3.244,31.906],[-3.27,31.971],[-3.272,32.011],[-3.262,32.092],[-3.193,32.177],[-3.268,32.147],[-3.309,32.126],[-3.333,32.106],[-3.377,32.109],[-3.427,32.127],[-3.484,32.144],[-3.511,32.147],[-3.542,32.143],[-3.566,32.127],[-3.615,32.109],[-3.634,32.121],[-3.647,32.137],[-3.636,32.153],[-3.617,32.172],[-3.583,32.198],[-3.601,32.205],[-3.632,32.2],[-3.674,32.197],[-3.754,32.202],[-3.752,32.225],[-3.747,32.243],[-3.754,32.261],[-3.773,32.264],[-3.813,32.257],[-3.818,32.264],[-3.808,32.282],[-3.81,32.316],[-3.821,32.345],[-3.855,32.403],[-3.916,32.45],[-3.933,32.479],[-3.94,32.507],[-3.921,32.534],[-3.964,32.555],[-4.003,32.579],[-4.018,32.608]]]}},{"type":"Feature","properties":{"name":"Souss-Massa","iso":"MA-09"},"geometry":{"type":"Polygon","coordinates":[[[-7.732,31.135],[-7.759,31.142],[-7.77,31.143],[-7.783,31.163],[-7.793,31.154],[-7.825,31.167],[-7.81,31.145],[-7.887,31.107],[-7.903,31.08],[-7.916,31.037],[-7.927,31.032],[-7.928,31.008],[-7.938,30.982],[-7.947,30.96],[-7.963,30.936],[-7.979,30.922],[-8.015,30.909],[-8.06,30.925],[-8.108,30.928],[-8.136,30.939],[-8.222,30.914],[-8.25,30.89],[-8.282,30.882],[-8.322,30.877],[-8.349,30.865],[-8.365,30.863],[-8.387,30.863],[-8.397,30.865],[-8.405,30.871],[-8.414,30.872],[-8.448,30.864],[-8.484,30.871],[-8.509,30.87],[-8.538,30.874],[-8.568,30.882],[-8.589,30.88],[-8.604,30.881],[-8.647,30.888],[-8.661,30.901],[-8.669,30.898],[-8.706,30.866],[-8.728,30.856],[-8.725,30.839],[-8.727,30.83],[-8.725,30.819],[-8.728,30.814],[-8.742,30.811],[-8.748,30.816],[-8.76,30.838],[-8.765,30.873],[-8.761,30.889],[-8.77,30.899],[-8.772,30.913],[-8.775,30.918],[-8.788,30.927],[-8.782,30.937],[-8.791,30.942],[-8.797,30.949],[-8.8,30.959],[-8.806,30.963],[-8.819,30.973],[-8.826,30.975],[-8.842,30.968],[-8.865,30.949],[-8.916,30.915],[-8.955,30.904],[-8.986,30.89],[-8.992,30.874],[-8.996,30.846],[-8.997,30.825],[-9.021,30.819],[-9.078,30.826],[-9.133,30.828],[-9.152,30.822],[-9.168,30.828],[-9.192,30.818],[-9.246,30.802],[-9.259,30.819],[-9.272,30.832],[-9.297,30.844],[-9.335,30.888],[-9.346,30.874],[-9.346,30.855],[-9.385,30.866],[-9.406,30.861],[-9.41,30.854],[-9.414,30.849],[-9.443,30.838],[-9.481,30.854],[-9.493,30.857],[-9.512,30.869],[-9.523,30.862],[-9.533,30.864],[-9.539,30.868],[-9.534,30.882],[-9.543,30.885],[-9.558,30.862],[-9.57,30.841],[-9.576,30.84],[-9.581,30.843],[-9.593,30.858],[-9.604,30.857],[-9.609,30.848],[-9.619,30.836],[-9.639,30.8],[-9.648,30.801],[-9.654,30.807],[-9.688,30.786],[-9.698,30.789],[-9.716,30.791],[-9.739,30.844],[-9.734,30.873],[-9.767,30.884],[-9.769,30.892],[-9.766,30.914],[-9.771,30.928],[-9.795,30.935],[-9.818,30.938],[-9.819,30.934],[-9.817,30.924],[-9.818,30.921],[-9.82,30.917],[-9.82,30.914],[-9.821,30.914],[-9.808,30.892],[-9.808,30.889],[-9.812,30.885],[-9.811,30.883],[-9.813,30.874],[-9.816,30.871],[-9.817,30.865],[-9.827,30.848],[-9.826,30.846],[-9.822,30.844],[-9.822,30.838],[-9.816,30.841],[-9.813,30.841],[-9.809,30.837],[-9.805,30.829],[-9.805,30.818],[-9.81,30.805],[-9.815,30.798],[-9.816,30.789],[-9.824,30.779],[-9.829,30.777],[-9.828,30.772],[-9.831,30.764],[-9.83,30.762],[-9.852,30.732],[-9.852,30.729],[-9.849,30.725],[-9.85,30.72],[-9.863,30.707],[-9.869,30.701],[-9.873,30.7],[-9.877,30.691],[-9.882,30.674],[-9.884,30.671],[-9.887,30.66],[-9.887,30.653],[-9.89,30.644],[-9.889,30.641],[-9.891,30.641],[-9.889,30.636],[-9.89,30.629],[-9.887,30.627],[-9.882,30.625],[-9.873,30.624],[-9.861,30.624],[-9.84,30.629],[-9.827,30.627],[-9.819,30.625],[-9.804,30.615],[-9.788,30.611],[-9.774,30.596],[-9.767,30.593],[-9.756,30.582],[-9.752,30.575],[-9.747,30.573],[-9.743,30.558],[-9.741,30.556],[-9.74,30.551],[-9.73,30.549],[-9.727,30.545],[-9.716,30.546],[-9.704,30.542],[-9.691,30.521],[-9.687,30.508],[-9.689,30.507],[-9.687,30.507],[-9.685,30.503],[-9.681,30.502],[-9.679,30.499],[-9.676,30.488],[-9.675,30.486],[-9.677,30.486],[-9.675,30.484],[-9.675,30.479],[-9.672,30.478],[-9.667,30.46],[-9.661,30.449],[-9.661,30.446],[-9.655,30.441],[-9.652,30.44],[-9.649,30.437],[-9.648,30.432],[-9.651,30.428],[-9.65,30.426],[-9.64,30.416],[-9.649,30.424],[-9.647,30.425],[-9.65,30.428],[-9.648,30.429],[-9.645,30.43],[-9.641,30.425],[-9.638,30.427],[-9.637,30.424],[-9.64,30.422],[-9.633,30.423],[-9.634,30.421],[-9.638,30.421],[-9.632,30.42],[-9.631,30.416],[-9.632,30.424],[-9.629,30.424],[-9.629,30.423],[-9.631,30.422],[-9.63,30.422],[-9.621,30.425],[-9.621,30.422],[-9.629,30.418],[-9.62,30.421],[-9.617,30.419],[-9.619,30.421],[-9.618,30.423],[-9.617,30.423],[-9.617,30.421],[-9.615,30.423],[-9.611,30.421],[-9.606,30.415],[-9.6,30.397],[-9.601,30.388],[-9.606,30.371],[-9.604,30.37],[-9.604,30.365],[-9.609,30.353],[-9.618,30.315],[-9.621,30.287],[-9.628,30.265],[-9.629,30.252],[-9.63,30.249],[-9.629,30.248],[-9.633,30.227],[-9.642,30.205],[-9.642,30.201],[-9.643,30.2],[-9.64,30.2],[-9.639,30.199],[-9.638,30.195],[-9.64,30.191],[-9.639,30.19],[-9.639,30.187],[-9.642,30.176],[-9.642,30.169],[-9.646,30.156],[-9.655,30.134],[-9.653,30.132],[-9.655,30.129],[-9.654,30.127],[-9.655,30.122],[-9.662,30.109],[-9.667,30.091],[-9.667,30.088],[-9.681,30.068],[-9.694,30.051],[-9.696,30.051],[-9.695,30.049],[-9.697,30.049],[-9.696,30.046],[-9.699,30.04],[-9.701,30.039],[-9.703,30.031],[-9.708,30.024],[-9.708,30.021],[-9.71,30.02],[-9.71,30.017],[-9.717,30.008],[-9.716,30.006],[-9.723,29.997],[-9.723,29.993],[-9.725,29.993],[-9.726,29.988],[-9.728,29.984],[-9.73,29.984],[-9.733,29.973],[-9.738,29.967],[-9.739,29.962],[-9.743,29.956],[-9.742,29.954],[-9.744,29.952],[-9.745,29.953],[-9.744,29.952],[-9.746,29.952],[-9.748,29.945],[-9.752,29.942],[-9.751,29.94],[-9.753,29.939],[-9.753,29.937],[-9.754,29.938],[-9.755,29.935],[-9.757,29.935],[-9.757,29.932],[-9.762,29.928],[-9.76,29.926],[-9.762,29.923],[-9.76,29.914],[-9.763,29.913],[-9.763,29.911],[-9.766,29.909],[-9.77,29.901],[-9.774,29.899],[-9.778,29.891],[-9.779,29.891],[-9.779,29.89],[-9.781,29.89],[-9.78,29.888],[-9.782,29.887],[-9.785,29.884],[-9.784,29.882],[-9.787,29.882],[-9.79,29.876],[-9.791,29.875],[-9.787,29.871],[-9.789,29.864],[-9.795,29.856],[-9.817,29.833],[-9.818,29.831],[-9.827,29.821],[-9.831,29.809],[-9.895,29.751],[-9.928,29.726],[-9.952,29.705],[-9.961,29.699],[-9.966,29.694],[-9.965,29.692],[-9.97,29.686],[-9.982,29.676],[-9.982,29.674],[-9.985,29.67],[-9.983,29.669],[-9.985,29.661],[-9.988,29.66],[-9.995,29.648],[-10.001,29.646],[-10.001,29.644],[-10.003,29.644],[-10.003,29.642],[-10.009,29.637],[-10.01,29.635],[-10.007,29.634],[-10.01,29.631],[-10.005,29.63],[-10.003,29.618],[-9.993,29.601],[-9.999,29.588],[-9.989,29.579],[-9.993,29.562],[-9.992,29.553],[-9.996,29.545],[-10.003,29.537],[-10.0,29.522],[-9.993,29.507],[-9.966,29.516],[-9.931,29.536],[-9.903,29.537],[-9.889,29.559],[-9.886,29.548],[-9.884,29.533],[-9.893,29.505],[-9.896,29.505],[-9.906,29.495],[-9.913,29.487],[-9.914,29.481],[-9.905,29.472],[-9.895,29.471],[-9.893,29.466],[-9.885,29.458],[-9.884,29.452],[-9.885,29.442],[-9.881,29.437],[-9.872,29.439],[-9.862,29.428],[-9.846,29.421],[-9.83,29.424],[-9.812,29.423],[-9.794,29.425],[-9.783,29.428],[-9.776,29.436],[-9.773,29.443],[-9.744,29.454],[-9.738,29.466],[-9.732,29.464],[-9.731,29.468],[-9.711,29.467],[-9.71,29.463],[-9.711,29.458],[-9.707,29.447],[-9.704,29.447],[-9.699,29.45],[-9.681,29.441],[-9.669,29.441],[-9.657,29.432],[-9.662,29.417],[-9.66,29.4],[-9.656,29.404],[-9.654,29.405],[-9.651,29.402],[-9.644,29.404],[-9.638,29.403],[-9.641,29.406],[-9.639,29.414],[-9.633,29.426],[-9.637,29.429],[-9.638,29.433],[-9.638,29.443],[-9.642,29.457],[-9.648,29.462],[-9.653,29.469],[-9.646,29.47],[-9.639,29.466],[-9.624,29.448],[-9.621,29.441],[-9.615,29.437],[-9.597,29.436],[-9.592,29.441],[-9.588,29.454],[-9.588,29.472],[-9.586,29.478],[-9.575,29.483],[-9.562,29.487],[-9.543,29.456],[-9.527,29.449],[-9.528,29.435],[-9.5,29.422],[-9.491,29.449],[-9.49,29.46],[-9.483,29.45],[-9.479,29.441],[-9.471,29.443],[-9.459,29.448],[-9.445,29.446],[-9.425,29.432],[-9.419,29.442],[-9.421,29.456],[-9.41,29.461],[-9.407,29.451],[-9.402,29.456],[-9.4,29.464],[-9.384,29.464],[-9.378,29.48],[-9.373,29.487],[-9.367,29.501],[-9.352,29.504],[-9.342,29.503],[-9.329,29.509],[-9.313,29.506],[-9.306,29.503],[-9.304,29.499],[-9.278,29.498],[-9.268,29.488],[-9.247,29.476],[-9.238,29.467],[-9.217,29.453],[-9.21,29.446],[-9.207,29.44],[-9.206,29.432],[-9.162,29.391],[-9.158,29.386],[-9.159,29.379],[-9.17,29.36],[-9.15,29.297],[-9.145,29.286],[-9.14,29.267],[-9.12,29.249],[-9.111,29.244],[-9.11,29.236],[-9.096,29.218],[-9.086,29.185],[-9.085,29.173],[-9.086,29.162],[-9.091,29.155],[-9.129,29.129],[-9.16,29.111],[-9.161,29.104],[-9.138,29.082],[-9.146,29.071],[-9.172,29.052],[-9.195,29.038],[-9.206,29.042],[-9.209,29.053],[-9.176,29.091],[-9.246,29.071],[-9.234,29.042],[-9.234,29.027],[-9.249,28.986],[-9.224,28.977],[-9.223,28.957],[-9.238,28.941],[-9.226,28.895],[-9.216,28.86],[-9.181,28.854],[-9.202,28.843],[-9.206,28.795],[-9.18,28.78],[-9.134,28.727],[-9.066,28.718],[-9.001,28.714],[-8.973,28.686],[-8.968,28.662],[-8.971,28.645],[-8.918,28.598],[-8.883,28.545],[-8.772,28.421],[-8.669,28.311],[-8.669,28.714],[-8.663,28.717],[-8.645,28.721],[-8.626,28.73],[-8.59,28.743],[-8.577,28.751],[-8.537,28.768],[-8.515,28.775],[-8.51,28.774],[-8.499,28.783],[-8.464,28.796],[-8.431,28.817],[-8.426,28.818],[-8.423,28.821],[-8.415,28.835],[-8.403,28.845],[-8.391,28.859],[-8.371,28.874],[-8.321,28.918],[-8.319,28.919],[-8.314,28.916],[-8.311,28.916],[-8.301,28.931],[-8.278,28.947],[-8.274,28.949],[-8.263,28.948],[-8.239,28.97],[-8.236,28.974],[-8.217,28.985],[-8.193,28.993],[-8.187,29.004],[-8.172,29.015],[-8.165,29.013],[-8.158,29.014],[-8.152,29.017],[-8.147,29.022],[-8.139,29.026],[-8.137,29.024],[-8.132,29.024],[-8.131,29.026],[-8.132,29.03],[-8.13,29.032],[-8.106,29.046],[-8.078,29.068],[-8.073,29.065],[-8.068,29.066],[-8.05,29.082],[-8.001,29.106],[-7.972,29.123],[-7.958,29.124],[-7.957,29.137],[-7.961,29.14],[-7.961,29.141],[-7.93,29.17],[-7.904,29.187],[-7.895,29.19],[-7.889,29.187],[-7.881,29.189],[-7.877,29.193],[-7.877,29.2],[-7.873,29.201],[-7.864,29.203],[-7.859,29.206],[-7.838,29.212],[-7.831,29.21],[-7.827,29.212],[-7.824,29.227],[-7.786,29.256],[-7.749,29.274],[-7.71,29.287],[-7.702,29.288],[-7.684,29.298],[-7.664,29.302],[-7.651,29.299],[-7.642,29.303],[-7.638,29.303],[-7.634,29.325],[-7.625,29.334],[-7.627,29.34],[-7.625,29.346],[-7.627,29.352],[-7.627,29.357],[-7.619,29.368],[-7.6,29.376],[-7.593,29.377],[-7.565,29.373],[-7.538,29.366],[-7.495,29.365],[-7.46,29.37],[-7.412,29.381],[-7.405,29.382],[-7.403,29.378],[-7.398,29.376],[-7.393,29.376],[-7.388,29.377],[-7.38,29.387],[-7.341,29.396],[-7.267,29.466],[-7.257,29.474],[-7.24,29.485],[-7.221,29.494],[-7.187,29.505],[-7.157,29.521],[-7.15,29.523],[-7.136,29.521],[-7.129,29.521],[-7.115,29.523],[-7.108,29.523],[-7.081,29.514],[-7.063,29.504],[-7.043,29.499],[-7.035,29.499],[-7.023,29.494],[-7.016,29.495],[-7.003,29.502],[-6.989,29.504],[-6.982,29.503],[-6.972,29.495],[-6.965,29.494],[-6.951,29.498],[-6.937,29.497],[-6.915,29.497],[-6.909,29.496],[-6.891,29.485],[-6.877,29.483],[-6.863,29.485],[-6.856,29.483],[-6.846,29.473],[-6.834,29.468],[-6.813,29.465],[-6.777,29.462],[-6.763,29.464],[-6.757,29.467],[-6.747,29.476],[-6.721,29.506],[-6.695,29.515],[-6.681,29.518],[-6.659,29.518],[-6.646,29.52],[-6.631,29.52],[-6.624,29.521],[-6.624,29.527],[-6.619,29.53],[-6.576,29.523],[-6.565,29.523],[-6.548,29.525],[-6.537,29.522],[-6.528,29.522],[-6.523,29.525],[-6.515,29.536],[-6.487,29.552],[-6.468,29.56],[-6.449,29.566],[-6.421,29.628],[-6.405,29.647],[-6.406,29.663],[-6.422,29.681],[-6.425,29.699],[-6.413,29.724],[-6.39,29.745],[-6.397,29.764],[-6.404,29.791],[-6.403,29.806],[-6.406,29.828],[-6.406,29.848],[-6.421,29.902],[-6.419,29.922],[-6.422,29.945],[-6.43,29.959],[-6.43,29.965],[-6.432,29.973],[-6.4,29.999],[-6.357,30.012],[-6.354,30.031],[-6.365,30.039],[-6.388,30.04],[-6.398,30.047],[-6.479,30.026],[-6.508,30.075],[-6.488,30.128],[-6.503,30.149],[-6.59,30.229],[-6.557,30.259],[-6.511,30.291],[-6.512,30.316],[-6.549,30.342],[-6.576,30.374],[-6.614,30.414],[-6.638,30.416],[-6.644,30.427],[-6.639,30.439],[-6.642,30.441],[-6.657,30.462],[-6.671,30.461],[-6.689,30.447],[-6.735,30.437],[-6.811,30.423],[-6.833,30.46],[-6.861,30.457],[-6.855,30.438],[-6.861,30.401],[-6.856,30.373],[-6.856,30.361],[-6.883,30.332],[-6.899,30.348],[-6.925,30.355],[-7.022,30.335],[-7.05,30.345],[-7.121,30.362],[-7.16,30.377],[-7.171,30.37],[-7.18,30.351],[-7.194,30.338],[-7.232,30.295],[-7.279,30.229],[-7.295,30.213],[-7.294,30.193],[-7.298,30.165],[-7.292,30.148],[-7.295,30.137],[-7.288,30.122],[-7.296,30.113],[-7.302,30.103],[-7.32,30.115],[-7.331,30.127],[-7.353,30.159],[-7.369,30.189],[-7.422,30.187],[-7.47,30.213],[-7.49,30.198],[-7.51,30.206],[-7.538,30.226],[-7.572,30.21],[-7.591,30.207],[-7.605,30.214],[-7.626,30.212],[-7.629,30.227],[-7.607,30.232],[-7.589,30.241],[-7.582,30.248],[-7.584,30.256],[-7.578,30.267],[-7.58,30.282],[-7.586,30.291],[-7.608,30.317],[-7.628,30.405],[-7.637,30.397],[-7.654,30.387],[-7.679,30.379],[-7.691,30.411],[-7.693,30.424],[-7.686,30.45],[-7.678,30.456],[-7.665,30.458],[-7.633,30.475],[-7.611,30.481],[-7.571,30.525],[-7.544,30.528],[-7.516,30.543],[-7.523,30.546],[-7.528,30.555],[-7.541,30.573],[-7.555,30.598],[-7.57,30.644],[-7.557,30.651],[-7.559,30.682],[-7.566,30.705],[-7.571,30.729],[-7.71,30.741],[-7.697,30.754],[-7.686,30.754],[-7.682,30.761],[-7.683,30.767],[-7.676,30.765],[-7.671,30.773],[-7.668,30.791],[-7.68,30.818],[-7.669,30.838],[-7.63,30.863],[-7.667,30.86],[-7.709,30.851],[-7.734,30.861],[-7.736,30.888],[-7.732,30.906],[-7.73,30.94],[-7.728,30.952],[-7.724,30.96],[-7.72,30.991],[-7.721,31.02],[-7.714,31.038],[-7.73,31.056],[-7.727,31.066],[-7.739,31.079],[-7.751,31.099],[-7.752,31.105],[-7.744,31.127],[-7.732,31.135]]]}},{"type":"Feature","properties":{"name":"Guelmim-Oued Noun","iso":"MA-10"},"geometry":{"type":"Polygon","coordinates":[[[-8.668,27.136],[-8.668,27.458],[-8.667,27.832],[-8.669,28.311],[-8.772,28.421],[-8.883,28.545],[-8.918,28.598],[-8.971,28.645],[-8.968,28.662],[-8.973,28.686],[-9.001,28.714],[-9.066,28.718],[-9.134,28.727],[-9.18,28.78],[-9.206,28.795],[-9.202,28.843],[-9.181,28.854],[-9.216,28.86],[-9.226,28.895],[-9.238,28.941],[-9.223,28.957],[-9.224,28.977],[-9.249,28.986],[-9.234,29.027],[-9.234,29.042],[-9.246,29.071],[-9.176,29.091],[-9.209,29.053],[-9.206,29.042],[-9.195,29.038],[-9.172,29.052],[-9.146,29.071],[-9.138,29.082],[-9.161,29.104],[-9.16,29.111],[-9.129,29.129],[-9.091,29.155],[-9.086,29.162],[-9.085,29.173],[-9.086,29.185],[-9.096,29.218],[-9.11,29.236],[-9.111,29.244],[-9.12,29.249],[-9.14,29.267],[-9.145,29.286],[-9.15,29.297],[-9.17,29.36],[-9.159,29.379],[-9.158,29.386],[-9.162,29.391],[-9.206,29.432],[-9.207,29.44],[-9.21,29.446],[-9.217,29.453],[-9.238,29.467],[-9.247,29.476],[-9.268,29.488],[-9.278,29.498],[-9.304,29.499],[-9.306,29.503],[-9.313,29.506],[-9.329,29.509],[-9.342,29.503],[-9.352,29.504],[-9.367,29.501],[-9.373,29.487],[-9.378,29.48],[-9.384,29.464],[-9.4,29.464],[-9.402,29.456],[-9.407,29.451],[-9.41,29.461],[-9.421,29.456],[-9.419,29.442],[-9.425,29.432],[-9.445,29.446],[-9.459,29.448],[-9.471,29.443],[-9.479,29.441],[-9.483,29.45],[-9.49,29.46],[-9.491,29.449],[-9.5,29.422],[-9.528,29.435],[-9.527,29.449],[-9.543,29.456],[-9.562,29.487],[-9.575,29.483],[-9.586,29.478],[-9.588,29.472],[-9.588,29.454],[-9.592,29.441],[-9.597,29.436],[-9.615,29.437],[-9.621,29.441],[-9.624,29.448],[-9.639,29.466],[-9.646,29.47],[-9.653,29.469],[-9.648,29.462],[-9.642,29.457],[-9.638,29.443],[-9.638,29.433],[-9.637,29.429],[-9.633,29.426],[-9.639,29.414],[-9.641,29.406],[-9.638,29.403],[-9.644,29.404],[-9.651,29.402],[-9.654,29.405],[-9.656,29.404],[-9.66,29.4],[-9.662,29.417],[-9.657,29.432],[-9.669,29.441],[-9.681,29.441],[-9.699,29.45],[-9.704,29.447],[-9.707,29.447],[-9.711,29.458],[-9.71,29.463],[-9.711,29.467],[-9.731,29.468],[-9.732,29.464],[-9.738,29.466],[-9.744,29.454],[-9.773,29.443],[-9.776,29.436],[-9.783,29.428],[-9.794,29.425],[-9.812,29.423],[-9.83,29.424],[-9.846,29.421],[-9.862,29.428],[-9.872,29.439],[-9.881,29.437],[-9.885,29.442],[-9.884,29.452],[-9.885,29.458],[-9.893,29.466],[-9.895,29.471],[-9.905,29.472],[-9.914,29.481],[-9.913,29.487],[-9.906,29.495],[-9.896,29.505],[-9.893,29.505],[-9.884,29.533],[-9.886,29.548],[-9.889,29.559],[-9.903,29.537],[-9.931,29.536],[-9.966,29.516],[-9.993,29.507],[-10.0,29.522],[-10.003,29.537],[-9.996,29.545],[-9.992,29.553],[-9.993,29.562],[-9.989,29.579],[-9.999,29.588],[-9.993,29.601],[-10.003,29.618],[-10.005,29.63],[-10.01,29.631],[-10.019,29.619],[-10.024,29.615],[-10.025,29.616],[-10.024,29.611],[-10.031,29.606],[-10.031,29.603],[-10.03,29.603],[-10.033,29.6],[-10.034,29.595],[-10.039,29.591],[-10.044,29.59],[-10.048,29.586],[-10.047,29.584],[-10.05,29.581],[-10.048,29.578],[-10.054,29.573],[-10.052,29.57],[-10.054,29.567],[-10.056,29.568],[-10.059,29.565],[-10.058,29.562],[-10.06,29.561],[-10.056,29.558],[-10.058,29.554],[-10.065,29.547],[-10.065,29.539],[-10.069,29.535],[-10.072,29.534],[-10.073,29.531],[-10.07,29.529],[-10.071,29.52],[-10.07,29.518],[-10.077,29.509],[-10.076,29.503],[-10.078,29.501],[-10.087,29.494],[-10.089,29.49],[-10.095,29.487],[-10.1,29.481],[-10.102,29.473],[-10.104,29.472],[-10.103,29.471],[-10.107,29.465],[-10.106,29.464],[-10.109,29.461],[-10.108,29.459],[-10.113,29.452],[-10.115,29.452],[-10.115,29.448],[-10.121,29.44],[-10.123,29.44],[-10.124,29.437],[-10.136,29.426],[-10.138,29.427],[-10.137,29.426],[-10.139,29.425],[-10.138,29.424],[-10.142,29.422],[-10.148,29.414],[-10.152,29.411],[-10.171,29.391],[-10.174,29.386],[-10.192,29.364],[-10.196,29.363],[-10.201,29.357],[-10.197,29.359],[-10.198,29.359],[-10.195,29.362],[-10.194,29.36],[-10.194,29.362],[-10.191,29.362],[-10.193,29.356],[-10.196,29.358],[-10.194,29.356],[-10.195,29.351],[-10.207,29.336],[-10.217,29.312],[-10.251,29.284],[-10.256,29.283],[-10.264,29.277],[-10.281,29.268],[-10.288,29.266],[-10.291,29.263],[-10.295,29.263],[-10.297,29.259],[-10.3,29.258],[-10.306,29.251],[-10.314,29.246],[-10.314,29.243],[-10.329,29.235],[-10.328,29.234],[-10.336,29.225],[-10.337,29.227],[-10.338,29.226],[-10.338,29.224],[-10.34,29.222],[-10.339,29.22],[-10.341,29.22],[-10.343,29.216],[-10.352,29.21],[-10.367,29.193],[-10.382,29.18],[-10.396,29.16],[-10.4,29.155],[-10.402,29.155],[-10.401,29.153],[-10.404,29.146],[-10.424,29.129],[-10.424,29.123],[-10.43,29.114],[-10.432,29.114],[-10.434,29.107],[-10.436,29.105],[-10.438,29.105],[-10.439,29.102],[-10.438,29.1],[-10.44,29.096],[-10.446,29.093],[-10.451,29.089],[-10.452,29.089],[-10.453,29.086],[-10.457,29.085],[-10.457,29.083],[-10.467,29.07],[-10.479,29.061],[-10.479,29.06],[-10.482,29.058],[-10.484,29.053],[-10.491,29.049],[-10.493,29.045],[-10.504,29.037],[-10.507,29.032],[-10.564,28.994],[-10.654,28.943],[-10.704,28.917],[-10.844,28.848],[-10.974,28.791],[-10.984,28.785],[-10.989,28.784],[-11.01,28.772],[-11.041,28.763],[-11.056,28.752],[-11.06,28.751],[-11.068,28.744],[-11.073,28.742],[-11.075,28.732],[-11.089,28.716],[-11.093,28.708],[-11.1,28.699],[-11.107,28.695],[-11.114,28.688],[-11.123,28.682],[-11.129,28.68],[-11.138,28.673],[-11.169,28.642],[-11.201,28.623],[-11.213,28.615],[-11.229,28.594],[-11.237,28.586],[-11.24,28.582],[-11.24,28.58],[-11.242,28.58],[-11.271,28.553],[-11.297,28.535],[-11.3,28.534],[-11.307,28.527],[-11.32,28.518],[-11.335,28.503],[-11.335,28.499],[-11.342,28.494],[-11.342,28.491],[-11.345,28.488],[-11.353,28.483],[-11.358,28.484],[-11.354,28.482],[-11.353,28.48],[-11.359,28.474],[-11.356,28.476],[-11.355,28.476],[-11.351,28.48],[-11.348,28.478],[-11.352,28.474],[-11.353,28.475],[-11.353,28.472],[-11.353,28.471],[-11.354,28.471],[-11.352,28.47],[-11.354,28.467],[-11.368,28.453],[-11.38,28.446],[-11.382,28.447],[-11.389,28.438],[-11.387,28.436],[-11.391,28.428],[-11.394,28.427],[-11.397,28.424],[-11.399,28.42],[-11.399,28.417],[-11.404,28.412],[-11.407,28.405],[-11.415,28.398],[-11.419,28.393],[-11.427,28.391],[-11.433,28.381],[-11.443,28.377],[-11.446,28.371],[-11.452,28.349],[-11.464,28.337],[-11.478,28.331],[-11.486,28.325],[-11.492,28.323],[-11.496,28.319],[-11.498,28.318],[-11.497,28.317],[-11.498,28.318],[-11.506,28.31],[-11.537,28.296],[-11.567,28.286],[-11.568,28.285],[-11.574,28.283],[-11.584,28.277],[-11.61,28.269],[-11.614,28.267],[-11.647,28.258],[-11.662,28.252],[-11.67,28.252],[-11.676,28.248],[-11.678,28.25],[-11.68,28.248],[-11.693,28.245],[-11.698,28.242],[-11.704,28.242],[-11.706,28.239],[-11.714,28.238],[-11.721,28.234],[-11.733,28.231],[-11.734,28.23],[-11.739,28.229],[-11.74,28.227],[-11.743,28.228],[-11.749,28.224],[-11.759,28.222],[-11.765,28.218],[-11.768,28.219],[-11.771,28.216],[-11.779,28.214],[-11.779,28.21],[-11.782,28.21],[-11.772,28.181],[-11.743,28.148],[-11.712,28.123],[-11.699,28.059],[-11.663,27.988],[-11.636,27.952],[-11.585,27.866],[-11.551,27.836],[-11.485,27.807],[-11.444,27.805],[-11.405,27.804],[-11.361,27.796],[-11.307,27.78],[-11.258,27.768],[-11.228,27.758],[-11.19,27.738],[-11.155,27.742],[-11.115,27.746],[-11.078,27.751],[-10.965,27.757],[-10.927,27.761],[-10.902,27.758],[-10.871,27.774],[-10.786,27.786],[-10.753,27.783],[-10.719,27.768],[-10.634,27.781],[-10.608,27.781],[-10.57,27.786],[-10.478,27.794],[-10.416,27.805],[-10.276,27.814],[-10.248,27.81],[-10.232,27.803],[-10.212,27.799],[-10.137,27.714],[-10.112,27.701],[-10.092,27.71],[-10.058,27.71],[-10.04,27.688],[-10.033,27.671],[-10.017,27.654],[-9.985,27.638],[-9.966,27.635],[-9.938,27.64],[-9.916,27.648],[-9.899,27.673],[-9.88,27.672],[-9.862,27.662],[-9.85,27.65],[-9.839,27.635],[-9.816,27.613],[-9.814,27.591],[-9.798,27.569],[-9.784,27.554],[-9.763,27.536],[-9.719,27.507],[-9.683,27.488],[-9.607,27.446],[-9.544,27.402],[-9.449,27.415],[-9.407,27.424],[-9.289,27.472],[-9.172,27.409],[-9.061,27.314],[-8.972,27.278],[-8.921,27.231],[-8.875,27.183],[-8.809,27.16],[-8.754,27.147],[-8.668,27.136]]]}},{"type":"Feature","properties":{"name":"Casablanca-Settat","iso":"MA-06"},"geometry":{"type":"Polygon","coordinates":[[[-9.059,32.721],[-9.049,32.722],[-8.98,32.674],[-9.004,32.656],[-9.017,32.616],[-9.018,32.609],[-9.007,32.61],[-8.995,32.581],[-8.971,32.568],[-8.95,32.544],[-8.931,32.53],[-8.932,32.523],[-8.888,32.503],[-8.87,32.501],[-8.852,32.494],[-8.84,32.495],[-8.836,32.5],[-8.826,32.499],[-8.803,32.512],[-8.791,32.509],[-8.779,32.514],[-8.765,32.508],[-8.754,32.509],[-8.746,32.517],[-8.747,32.506],[-8.744,32.505],[-8.741,32.508],[-8.733,32.507],[-8.714,32.523],[-8.689,32.525],[-8.663,32.513],[-8.651,32.5],[-8.64,32.492],[-8.63,32.479],[-8.622,32.449],[-8.611,32.42],[-8.598,32.39],[-8.577,32.351],[-8.548,32.332],[-8.557,32.297],[-8.543,32.297],[-8.533,32.316],[-8.517,32.317],[-8.507,32.331],[-8.481,32.329],[-8.471,32.342],[-8.439,32.348],[-8.436,32.358],[-8.423,32.361],[-8.403,32.361],[-8.378,32.366],[-8.366,32.363],[-8.363,32.371],[-8.352,32.386],[-8.315,32.419],[-8.293,32.43],[-8.266,32.438],[-8.195,32.466],[-8.172,32.477],[-8.152,32.489],[-8.137,32.49],[-8.118,32.502],[-8.091,32.528],[-8.076,32.551],[-8.055,32.573],[-8.054,32.592],[-8.06,32.611],[-8.07,32.634],[-8.074,32.656],[-8.074,32.677],[-8.059,32.707],[-8.049,32.746],[-8.047,32.768],[-8.037,32.791],[-7.996,32.814],[-7.992,32.813],[-7.99,32.809],[-7.99,32.805],[-7.993,32.801],[-7.991,32.796],[-7.988,32.795],[-7.983,32.797],[-7.98,32.797],[-7.978,32.794],[-7.979,32.789],[-7.976,32.785],[-7.966,32.784],[-7.962,32.782],[-7.963,32.765],[-7.957,32.755],[-7.945,32.744],[-7.944,32.74],[-7.933,32.736],[-7.931,32.732],[-7.931,32.726],[-7.927,32.726],[-7.922,32.727],[-7.92,32.726],[-7.921,32.712],[-7.919,32.709],[-7.914,32.707],[-7.91,32.7],[-7.909,32.692],[-7.894,32.692],[-7.889,32.685],[-7.882,32.684],[-7.875,32.671],[-7.845,32.661],[-7.834,32.648],[-7.82,32.638],[-7.814,32.629],[-7.776,32.605],[-7.755,32.598],[-7.741,32.598],[-7.739,32.601],[-7.738,32.595],[-7.731,32.597],[-7.717,32.593],[-7.717,32.591],[-7.719,32.59],[-7.726,32.589],[-7.731,32.588],[-7.729,32.584],[-7.725,32.584],[-7.718,32.581],[-7.718,32.578],[-7.722,32.576],[-7.722,32.574],[-7.713,32.568],[-7.721,32.559],[-7.72,32.556],[-7.719,32.555],[-7.712,32.556],[-7.707,32.552],[-7.701,32.551],[-7.699,32.549],[-7.697,32.53],[-7.695,32.529],[-7.693,32.53],[-7.691,32.535],[-7.686,32.535],[-7.683,32.534],[-7.681,32.529],[-7.682,32.525],[-7.685,32.523],[-7.685,32.52],[-7.683,32.519],[-7.677,32.522],[-7.672,32.516],[-7.667,32.514],[-7.666,32.512],[-7.668,32.505],[-7.67,32.504],[-7.675,32.504],[-7.676,32.502],[-7.673,32.498],[-7.665,32.5],[-7.662,32.498],[-7.662,32.494],[-7.657,32.494],[-7.654,32.496],[-7.651,32.496],[-7.647,32.485],[-7.641,32.478],[-7.626,32.468],[-7.613,32.462],[-7.595,32.456],[-7.563,32.456],[-7.552,32.453],[-7.546,32.446],[-7.521,32.447],[-7.502,32.454],[-7.506,32.463],[-7.502,32.468],[-7.489,32.467],[-7.481,32.458],[-7.481,32.454],[-7.483,32.446],[-7.482,32.442],[-7.469,32.441],[-7.467,32.443],[-7.466,32.446],[-7.466,32.458],[-7.453,32.458],[-7.442,32.457],[-7.438,32.453],[-7.428,32.446],[-7.414,32.446],[-7.407,32.453],[-7.39,32.462],[-7.377,32.464],[-7.372,32.462],[-7.343,32.426],[-7.338,32.418],[-7.338,32.406],[-7.336,32.405],[-7.324,32.407],[-7.322,32.411],[-7.319,32.412],[-7.314,32.408],[-7.314,32.401],[-7.309,32.399],[-7.309,32.398],[-7.306,32.397],[-7.3,32.399],[-7.298,32.403],[-7.295,32.404],[-7.292,32.402],[-7.289,32.403],[-7.283,32.402],[-7.277,32.399],[-7.272,32.393],[-7.263,32.392],[-7.259,32.389],[-7.261,32.379],[-7.257,32.374],[-7.24,32.374],[-7.236,32.369],[-7.235,32.366],[-7.233,32.365],[-7.225,32.368],[-7.221,32.367],[-7.209,32.356],[-7.206,32.35],[-7.197,32.347],[-7.196,32.342],[-7.191,32.334],[-7.19,32.33],[-7.189,32.33],[-7.181,32.336],[-7.177,32.336],[-7.165,32.333],[-7.162,32.327],[-7.154,32.328],[-7.152,32.33],[-7.146,32.333],[-7.144,32.336],[-7.141,32.333],[-7.141,32.331],[-7.141,32.324],[-7.133,32.319],[-7.131,32.325],[-7.106,32.353],[-7.041,32.374],[-7.035,32.385],[-7.034,32.398],[-7.006,32.457],[-6.992,32.499],[-6.996,32.51],[-6.995,32.52],[-7.009,32.549],[-7.015,32.557],[-6.996,32.56],[-6.986,32.636],[-6.993,32.643],[-7.013,32.656],[-7.03,32.677],[-7.043,32.684],[-7.05,32.697],[-7.056,32.699],[-7.05,32.717],[-7.046,32.723],[-7.046,32.734],[-7.022,32.77],[-7.034,32.77],[-7.029,32.789],[-7.013,32.811],[-7.0,32.848],[-7.003,32.901],[-7.006,32.922],[-7.004,32.931],[-6.999,32.938],[-7.008,32.947],[-7.003,32.956],[-6.981,32.95],[-6.969,32.953],[-6.963,32.959],[-6.96,32.966],[-6.943,32.992],[-6.944,33.009],[-6.923,33.049],[-6.932,33.057],[-6.903,33.077],[-6.914,33.102],[-6.895,33.106],[-6.893,33.141],[-6.884,33.159],[-6.869,33.202],[-6.85,33.219],[-6.841,33.224],[-6.829,33.229],[-6.822,33.229],[-6.805,33.236],[-6.801,33.24],[-6.799,33.249],[-6.797,33.276],[-6.801,33.303],[-6.801,33.323],[-6.806,33.341],[-6.809,33.368],[-6.809,33.397],[-6.805,33.415],[-6.796,33.421],[-6.796,33.427],[-6.81,33.443],[-6.825,33.453],[-6.828,33.463],[-6.828,33.479],[-6.824,33.485],[-6.809,33.494],[-6.798,33.499],[-6.789,33.497],[-6.782,33.503],[-6.772,33.513],[-6.757,33.543],[-6.762,33.548],[-6.768,33.55],[-6.774,33.562],[-6.796,33.562],[-6.803,33.568],[-6.816,33.572],[-6.827,33.569],[-6.853,33.572],[-6.862,33.568],[-6.873,33.569],[-6.88,33.572],[-6.893,33.574],[-6.908,33.572],[-6.917,33.583],[-6.926,33.584],[-6.937,33.58],[-6.949,33.565],[-6.95,33.558],[-6.945,33.548],[-6.946,33.546],[-6.951,33.542],[-6.958,33.544],[-6.96,33.549],[-6.966,33.557],[-6.974,33.562],[-6.976,33.566],[-6.981,33.569],[-6.98,33.571],[-6.973,33.572],[-6.972,33.574],[-6.974,33.575],[-6.977,33.574],[-6.978,33.578],[-6.981,33.578],[-6.985,33.581],[-6.981,33.583],[-6.988,33.585],[-6.988,33.592],[-6.99,33.59],[-6.992,33.591],[-6.99,33.595],[-6.992,33.597],[-6.992,33.601],[-6.988,33.603],[-6.992,33.61],[-6.998,33.609],[-7.0,33.613],[-7.004,33.615],[-7.004,33.624],[-7.002,33.629],[-6.998,33.631],[-7.003,33.641],[-7.005,33.652],[-7.013,33.655],[-7.015,33.672],[-7.019,33.679],[-7.029,33.683],[-7.026,33.689],[-7.028,33.692],[-7.021,33.703],[-7.024,33.709],[-7.03,33.734],[-7.037,33.744],[-7.039,33.762],[-7.043,33.77],[-7.051,33.77],[-7.052,33.775],[-7.062,33.783],[-7.06,33.798],[-7.066,33.8],[-7.082,33.792],[-7.089,33.792],[-7.099,33.795],[-7.111,33.816],[-7.126,33.832],[-7.128,33.829],[-7.133,33.828],[-7.134,33.829],[-7.135,33.827],[-7.141,33.824],[-7.145,33.824],[-7.144,33.827],[-7.145,33.825],[-7.145,33.822],[-7.143,33.822],[-7.144,33.82],[-7.145,33.821],[-7.145,33.819],[-7.146,33.82],[-7.146,33.821],[-7.147,33.82],[-7.145,33.821],[-7.145,33.822],[-7.146,33.822],[-7.147,33.825],[-7.145,33.827],[-7.147,33.828],[-7.152,33.827],[-7.148,33.824],[-7.153,33.819],[-7.158,33.82],[-7.16,33.818],[-7.166,33.817],[-7.17,33.818],[-7.169,33.821],[-7.172,33.817],[-7.177,33.815],[-7.178,33.812],[-7.182,33.81],[-7.184,33.811],[-7.19,33.805],[-7.196,33.805],[-7.206,33.802],[-7.207,33.803],[-7.209,33.802],[-7.211,33.803],[-7.218,33.801],[-7.228,33.804],[-7.231,33.8],[-7.229,33.798],[-7.229,33.797],[-7.233,33.796],[-7.234,33.797],[-7.237,33.795],[-7.239,33.796],[-7.241,33.792],[-7.243,33.793],[-7.248,33.787],[-7.252,33.788],[-7.256,33.783],[-7.272,33.777],[-7.292,33.76],[-7.293,33.758],[-7.3,33.757],[-7.298,33.753],[-7.302,33.752],[-7.302,33.754],[-7.314,33.746],[-7.316,33.742],[-7.32,33.74],[-7.323,33.741],[-7.325,33.738],[-7.331,33.736],[-7.333,33.731],[-7.342,33.73],[-7.345,33.726],[-7.343,33.724],[-7.345,33.723],[-7.343,33.723],[-7.343,33.72],[-7.347,33.718],[-7.351,33.72],[-7.352,33.715],[-7.358,33.713],[-7.363,33.711],[-7.367,33.713],[-7.372,33.709],[-7.373,33.71],[-7.382,33.708],[-7.391,33.71],[-7.394,33.712],[-7.393,33.713],[-7.395,33.711],[-7.396,33.713],[-7.399,33.712],[-7.4,33.713],[-7.397,33.715],[-7.392,33.715],[-7.394,33.719],[-7.397,33.721],[-7.391,33.724],[-7.396,33.724],[-7.386,33.733],[-7.388,33.734],[-7.399,33.721],[-7.403,33.712],[-7.412,33.705],[-7.406,33.708],[-7.403,33.707],[-7.406,33.707],[-7.412,33.703],[-7.415,33.703],[-7.415,33.701],[-7.417,33.699],[-7.435,33.687],[-7.436,33.688],[-7.435,33.687],[-7.439,33.684],[-7.439,33.687],[-7.437,33.69],[-7.439,33.687],[-7.439,33.684],[-7.445,33.679],[-7.464,33.667],[-7.473,33.658],[-7.483,33.654],[-7.482,33.653],[-7.485,33.652],[-7.487,33.649],[-7.489,33.649],[-7.505,33.638],[-7.536,33.621],[-7.551,33.62],[-7.559,33.616],[-7.561,33.618],[-7.563,33.614],[-7.572,33.609],[-7.574,33.61],[-7.575,33.607],[-7.585,33.605],[-7.591,33.614],[-7.586,33.605],[-7.588,33.604],[-7.594,33.613],[-7.598,33.613],[-7.595,33.608],[-7.596,33.606],[-7.6,33.61],[-7.603,33.608],[-7.604,33.611],[-7.605,33.611],[-7.6,33.602],[-7.602,33.602],[-7.606,33.608],[-7.608,33.607],[-7.605,33.602],[-7.607,33.602],[-7.611,33.609],[-7.613,33.607],[-7.61,33.603],[-7.614,33.606],[-7.616,33.604],[-7.615,33.603],[-7.617,33.601],[-7.616,33.603],[-7.619,33.605],[-7.616,33.605],[-7.617,33.606],[-7.611,33.612],[-7.605,33.613],[-7.606,33.614],[-7.594,33.619],[-7.593,33.618],[-7.594,33.619],[-7.592,33.621],[-7.613,33.611],[-7.617,33.608],[-7.626,33.611],[-7.63,33.608],[-7.634,33.609],[-7.634,33.607],[-7.64,33.605],[-7.645,33.605],[-7.649,33.607],[-7.65,33.614],[-7.652,33.614],[-7.661,33.603],[-7.673,33.597],[-7.676,33.597],[-7.679,33.599],[-7.68,33.592],[-7.694,33.585],[-7.699,33.584],[-7.703,33.582],[-7.704,33.583],[-7.71,33.575],[-7.724,33.566],[-7.742,33.56],[-7.755,33.55],[-7.786,33.537],[-7.792,33.536],[-7.795,33.54],[-7.795,33.533],[-7.799,33.53],[-7.81,33.528],[-7.817,33.527],[-7.818,33.531],[-7.817,33.531],[-7.818,33.531],[-7.819,33.534],[-7.824,33.537],[-7.831,33.533],[-7.832,33.53],[-7.842,33.524],[-7.848,33.522],[-7.853,33.518],[-7.863,33.515],[-7.867,33.515],[-7.868,33.517],[-7.871,33.516],[-7.87,33.513],[-7.872,33.512],[-7.875,33.512],[-7.875,33.51],[-7.879,33.508],[-7.89,33.506],[-7.89,33.503],[-7.896,33.499],[-7.902,33.497],[-7.904,33.498],[-7.905,33.495],[-7.907,33.496],[-7.908,33.495],[-7.913,33.494],[-7.915,33.492],[-7.92,33.489],[-7.923,33.489],[-7.93,33.485],[-7.942,33.481],[-7.953,33.481],[-7.959,33.483],[-7.997,33.466],[-8.011,33.457],[-8.038,33.449],[-8.056,33.442],[-8.061,33.442],[-8.072,33.437],[-8.092,33.431],[-8.123,33.416],[-8.138,33.411],[-8.149,33.41],[-8.153,33.407],[-8.166,33.407],[-8.174,33.404],[-8.178,33.405],[-8.182,33.404],[-8.191,33.397],[-8.201,33.391],[-8.218,33.385],[-8.227,33.382],[-8.244,33.381],[-8.251,33.377],[-8.267,33.375],[-8.281,33.369],[-8.298,33.368],[-8.312,33.36],[-8.327,33.333],[-8.338,33.321],[-8.338,33.319],[-8.345,33.316],[-8.362,33.305],[-8.394,33.28],[-8.419,33.266],[-8.447,33.252],[-8.466,33.246],[-8.488,33.246],[-8.499,33.252],[-8.5,33.253],[-8.498,33.256],[-8.5,33.254],[-8.5,33.256],[-8.503,33.256],[-8.5,33.256],[-8.501,33.258],[-8.495,33.257],[-8.501,33.259],[-8.503,33.262],[-8.51,33.265],[-8.519,33.256],[-8.524,33.256],[-8.526,33.259],[-8.524,33.256],[-8.53,33.252],[-8.533,33.252],[-8.539,33.246],[-8.545,33.244],[-8.55,33.236],[-8.556,33.232],[-8.555,33.23],[-8.557,33.224],[-8.564,33.217],[-8.575,33.218],[-8.584,33.209],[-8.591,33.2],[-8.595,33.195],[-8.598,33.195],[-8.597,33.193],[-8.6,33.19],[-8.603,33.191],[-8.609,33.188],[-8.609,33.184],[-8.618,33.175],[-8.618,33.172],[-8.62,33.171],[-8.622,33.172],[-8.627,33.164],[-8.63,33.163],[-8.629,33.161],[-8.625,33.159],[-8.623,33.154],[-8.614,33.144],[-8.613,33.14],[-8.616,33.139],[-8.617,33.136],[-8.62,33.136],[-8.613,33.133],[-8.624,33.137],[-8.632,33.135],[-8.645,33.123],[-8.632,33.134],[-8.624,33.137],[-8.622,33.136],[-8.625,33.134],[-8.622,33.132],[-8.619,33.134],[-8.62,33.132],[-8.619,33.13],[-8.627,33.13],[-8.623,33.128],[-8.625,33.125],[-8.627,33.126],[-8.627,33.128],[-8.629,33.129],[-8.627,33.128],[-8.627,33.126],[-8.631,33.127],[-8.625,33.125],[-8.626,33.123],[-8.632,33.125],[-8.627,33.123],[-8.628,33.121],[-8.638,33.125],[-8.629,33.121],[-8.629,33.117],[-8.632,33.111],[-8.637,33.107],[-8.639,33.109],[-8.638,33.107],[-8.639,33.106],[-8.64,33.107],[-8.638,33.11],[-8.64,33.109],[-8.641,33.106],[-8.639,33.105],[-8.646,33.099],[-8.649,33.099],[-8.646,33.095],[-8.65,33.094],[-8.654,33.087],[-8.657,33.088],[-8.66,33.086],[-8.66,33.081],[-8.665,33.078],[-8.667,33.074],[-8.676,33.066],[-8.679,33.066],[-8.679,33.064],[-8.681,33.064],[-8.693,33.046],[-8.697,33.045],[-8.699,33.046],[-8.7,33.046],[-8.7,33.044],[-8.698,33.044],[-8.698,33.042],[-8.701,33.039],[-8.703,33.04],[-8.703,33.036],[-8.706,33.034],[-8.704,33.033],[-8.704,33.032],[-8.711,33.023],[-8.719,33.017],[-8.72,33.017],[-8.723,33.012],[-8.731,33.005],[-8.741,32.999],[-8.74,32.999],[-8.74,32.997],[-8.742,32.998],[-8.744,32.998],[-8.747,32.989],[-8.756,32.981],[-8.753,32.982],[-8.748,32.98],[-8.749,32.983],[-8.747,32.984],[-8.749,32.986],[-8.746,32.986],[-8.744,32.991],[-8.743,32.99],[-8.737,32.997],[-8.729,32.996],[-8.735,32.988],[-8.741,32.987],[-8.741,32.982],[-8.743,32.981],[-8.745,32.977],[-8.748,32.974],[-8.755,32.973],[-8.756,32.971],[-8.759,32.973],[-8.758,32.974],[-8.756,32.974],[-8.756,32.978],[-8.753,32.98],[-8.757,32.979],[-8.761,32.974],[-8.77,32.967],[-8.776,32.96],[-8.779,32.958],[-8.779,32.957],[-8.781,32.957],[-8.781,32.953],[-8.785,32.949],[-8.844,32.896],[-8.856,32.889],[-8.855,32.888],[-8.869,32.875],[-8.885,32.856],[-8.9,32.843],[-8.924,32.824],[-8.946,32.81],[-8.967,32.793],[-8.999,32.773],[-9.039,32.743],[-9.033,32.74],[-9.03,32.745],[-9.024,32.748],[-9.021,32.754],[-9.013,32.755],[-9.013,32.76],[-9.009,32.762],[-9.009,32.763],[-9.001,32.765],[-8.999,32.77],[-8.998,32.771],[-8.995,32.771],[-8.998,32.77],[-8.999,32.768],[-8.995,32.768],[-8.991,32.773],[-8.985,32.774],[-8.981,32.776],[-8.985,32.774],[-8.991,32.772],[-8.994,32.768],[-9.002,32.764],[-9.005,32.76],[-9.01,32.757],[-9.012,32.754],[-9.02,32.753],[-9.023,32.747],[-9.029,32.744],[-9.032,32.739],[-9.038,32.734],[-9.043,32.734],[-9.042,32.741],[-9.046,32.737],[-9.046,32.736],[-9.048,32.736],[-9.046,32.735],[-9.047,32.734],[-9.049,32.732],[-9.05,32.733],[-9.05,32.731],[-9.057,32.726],[-9.056,32.724],[-9.059,32.721]]]}},{"type":"Feature","properties":{"name":"Marrakech-Safi","iso":"MA-07"},"geometry":{"type":"Polygon","coordinates":[[[-7.185,31.429],[-7.182,31.442],[-7.174,31.454],[-7.17,31.467],[-7.157,31.468],[-7.149,31.483],[-7.14,31.529],[-7.131,31.537],[-7.134,31.558],[-7.193,31.56],[-7.209,31.577],[-7.222,31.608],[-7.264,31.621],[-7.268,31.633],[-7.263,31.662],[-7.27,31.673],[-7.288,31.671],[-7.317,31.67],[-7.318,31.681],[-7.321,31.693],[-7.314,31.696],[-7.303,31.695],[-7.307,31.704],[-7.319,31.713],[-7.285,31.734],[-7.282,31.747],[-7.274,31.748],[-7.272,31.74],[-7.265,31.739],[-7.263,31.751],[-7.266,31.761],[-7.258,31.764],[-7.248,31.76],[-7.242,31.764],[-7.229,31.762],[-7.229,31.773],[-7.217,31.762],[-7.198,31.762],[-7.198,31.758],[-7.194,31.756],[-7.187,31.755],[-7.184,31.751],[-7.169,31.744],[-7.103,31.76],[-7.049,31.761],[-7.024,31.774],[-7.043,31.788],[-7.037,31.815],[-7.034,31.821],[-7.036,31.826],[-7.035,31.828],[-7.029,31.823],[-7.018,31.82],[-7.01,31.82],[-7.002,31.821],[-7.008,31.829],[-7.013,31.847],[-7.024,31.846],[-7.021,31.861],[-7.029,31.86],[-7.041,31.872],[-7.052,31.891],[-7.055,31.893],[-7.052,31.904],[-7.068,31.908],[-7.063,31.941],[-7.069,31.965],[-7.053,31.973],[-7.058,31.983],[-7.082,31.997],[-7.088,32.006],[-7.11,32.02],[-7.117,32.046],[-7.117,32.064],[-7.118,32.086],[-7.128,32.102],[-7.127,32.113],[-7.131,32.129],[-7.123,32.153],[-7.124,32.162],[-7.11,32.191],[-7.105,32.213],[-7.116,32.232],[-7.1,32.305],[-7.109,32.313],[-7.117,32.326],[-7.119,32.326],[-7.122,32.324],[-7.123,32.318],[-7.126,32.315],[-7.129,32.315],[-7.133,32.319],[-7.141,32.324],[-7.141,32.331],[-7.141,32.333],[-7.144,32.336],[-7.146,32.333],[-7.152,32.33],[-7.154,32.328],[-7.162,32.327],[-7.165,32.333],[-7.177,32.336],[-7.181,32.336],[-7.189,32.33],[-7.19,32.33],[-7.191,32.334],[-7.196,32.342],[-7.197,32.347],[-7.206,32.35],[-7.209,32.356],[-7.221,32.367],[-7.225,32.368],[-7.233,32.365],[-7.235,32.366],[-7.236,32.369],[-7.24,32.374],[-7.257,32.374],[-7.261,32.379],[-7.259,32.389],[-7.263,32.392],[-7.272,32.393],[-7.277,32.399],[-7.283,32.402],[-7.289,32.403],[-7.292,32.402],[-7.295,32.404],[-7.298,32.403],[-7.3,32.399],[-7.306,32.397],[-7.309,32.398],[-7.309,32.399],[-7.314,32.401],[-7.314,32.408],[-7.319,32.412],[-7.322,32.411],[-7.324,32.407],[-7.336,32.405],[-7.338,32.406],[-7.338,32.418],[-7.343,32.426],[-7.372,32.462],[-7.377,32.464],[-7.39,32.462],[-7.407,32.453],[-7.414,32.446],[-7.428,32.446],[-7.438,32.453],[-7.442,32.457],[-7.453,32.458],[-7.466,32.458],[-7.466,32.446],[-7.467,32.443],[-7.469,32.441],[-7.482,32.442],[-7.483,32.446],[-7.481,32.454],[-7.481,32.458],[-7.489,32.467],[-7.502,32.468],[-7.506,32.463],[-7.502,32.454],[-7.521,32.447],[-7.546,32.446],[-7.552,32.453],[-7.563,32.456],[-7.595,32.456],[-7.613,32.462],[-7.626,32.468],[-7.641,32.478],[-7.647,32.485],[-7.651,32.496],[-7.654,32.496],[-7.657,32.494],[-7.662,32.494],[-7.662,32.498],[-7.665,32.5],[-7.673,32.498],[-7.676,32.502],[-7.675,32.504],[-7.67,32.504],[-7.668,32.505],[-7.666,32.512],[-7.667,32.514],[-7.672,32.516],[-7.677,32.522],[-7.683,32.519],[-7.685,32.52],[-7.685,32.523],[-7.682,32.525],[-7.681,32.529],[-7.683,32.534],[-7.686,32.535],[-7.691,32.535],[-7.693,32.53],[-7.695,32.529],[-7.697,32.53],[-7.699,32.549],[-7.701,32.551],[-7.707,32.552],[-7.712,32.556],[-7.719,32.555],[-7.72,32.556],[-7.721,32.559],[-7.713,32.568],[-7.722,32.574],[-7.722,32.576],[-7.718,32.578],[-7.718,32.581],[-7.725,32.584],[-7.729,32.584],[-7.731,32.588],[-7.726,32.589],[-7.719,32.59],[-7.717,32.591],[-7.717,32.593],[-7.731,32.597],[-7.738,32.595],[-7.739,32.601],[-7.741,32.598],[-7.755,32.598],[-7.776,32.605],[-7.814,32.629],[-7.82,32.638],[-7.834,32.648],[-7.845,32.661],[-7.875,32.671],[-7.882,32.684],[-7.889,32.685],[-7.894,32.692],[-7.909,32.692],[-7.91,32.7],[-7.914,32.707],[-7.919,32.709],[-7.921,32.712],[-7.92,32.726],[-7.922,32.727],[-7.927,32.726],[-7.931,32.726],[-7.931,32.732],[-7.933,32.736],[-7.944,32.74],[-7.945,32.744],[-7.957,32.755],[-7.963,32.765],[-7.962,32.782],[-7.966,32.784],[-7.976,32.785],[-7.979,32.789],[-7.978,32.794],[-7.98,32.797],[-7.983,32.797],[-7.988,32.795],[-7.991,32.796],[-7.993,32.801],[-7.99,32.805],[-7.99,32.809],[-7.992,32.813],[-7.996,32.814],[-8.037,32.791],[-8.047,32.768],[-8.049,32.746],[-8.059,32.707],[-8.074,32.677],[-8.074,32.656],[-8.07,32.634],[-8.06,32.611],[-8.054,32.592],[-8.055,32.573],[-8.076,32.551],[-8.091,32.528],[-8.118,32.502],[-8.137,32.49],[-8.152,32.489],[-8.172,32.477],[-8.195,32.466],[-8.266,32.438],[-8.293,32.43],[-8.315,32.419],[-8.352,32.386],[-8.363,32.371],[-8.366,32.363],[-8.378,32.366],[-8.403,32.361],[-8.423,32.361],[-8.436,32.358],[-8.439,32.348],[-8.471,32.342],[-8.481,32.329],[-8.507,32.331],[-8.517,32.317],[-8.533,32.316],[-8.543,32.297],[-8.557,32.297],[-8.548,32.332],[-8.577,32.351],[-8.598,32.39],[-8.611,32.42],[-8.622,32.449],[-8.63,32.479],[-8.64,32.492],[-8.651,32.5],[-8.663,32.513],[-8.689,32.525],[-8.714,32.523],[-8.733,32.507],[-8.741,32.508],[-8.744,32.505],[-8.747,32.506],[-8.746,32.517],[-8.754,32.509],[-8.765,32.508],[-8.779,32.514],[-8.791,32.509],[-8.803,32.512],[-8.826,32.499],[-8.836,32.5],[-8.84,32.495],[-8.852,32.494],[-8.87,32.501],[-8.888,32.503],[-8.932,32.523],[-8.931,32.53],[-8.95,32.544],[-8.971,32.568],[-8.995,32.581],[-9.007,32.61],[-9.018,32.609],[-9.017,32.616],[-9.004,32.656],[-8.98,32.674],[-9.049,32.722],[-9.059,32.721],[-9.096,32.684],[-9.126,32.658],[-9.179,32.617],[-9.271,32.553],[-9.285,32.542],[-9.281,32.537],[-9.272,32.528],[-9.271,32.516],[-9.265,32.513],[-9.262,32.504],[-9.248,32.495],[-9.244,32.49],[-9.232,32.478],[-9.233,32.458],[-9.238,32.442],[-9.248,32.426],[-9.248,32.417],[-9.254,32.411],[-9.256,32.406],[-9.268,32.392],[-9.272,32.39],[-9.286,32.376],[-9.291,32.362],[-9.282,32.348],[-9.281,32.33],[-9.259,32.32],[-9.253,32.32],[-9.25,32.314],[-9.252,32.313],[-9.249,32.313],[-9.247,32.31],[-9.25,32.309],[-9.247,32.309],[-9.246,32.305],[-9.249,32.306],[-9.248,32.305],[-9.246,32.305],[-9.245,32.302],[-9.249,32.305],[-9.253,32.312],[-9.257,32.313],[-9.253,32.311],[-9.25,32.305],[-9.244,32.3],[-9.252,32.273],[-9.26,32.258],[-9.266,32.252],[-9.265,32.246],[-9.259,32.242],[-9.261,32.24],[-9.258,32.235],[-9.255,32.233],[-9.253,32.228],[-9.251,32.219],[-9.254,32.209],[-9.252,32.204],[-9.261,32.183],[-9.261,32.175],[-9.264,32.172],[-9.27,32.168],[-9.276,32.161],[-9.28,32.155],[-9.279,32.154],[-9.281,32.154],[-9.289,32.147],[-9.293,32.142],[-9.294,32.142],[-9.3,32.135],[-9.319,32.118],[-9.322,32.113],[-9.32,32.103],[-9.324,32.096],[-9.324,32.091],[-9.33,32.085],[-9.328,32.074],[-9.33,32.067],[-9.341,32.052],[-9.342,32.049],[-9.34,32.048],[-9.344,32.039],[-9.345,32.034],[-9.379,32.002],[-9.407,31.973],[-9.424,31.958],[-9.432,31.947],[-9.461,31.922],[-9.472,31.907],[-9.492,31.89],[-9.496,31.883],[-9.506,31.874],[-9.515,31.868],[-9.525,31.858],[-9.527,31.85],[-9.532,31.844],[-9.562,31.816],[-9.584,31.798],[-9.583,31.795],[-9.585,31.794],[-9.586,31.789],[-9.59,31.787],[-9.594,31.781],[-9.606,31.769],[-9.608,31.763],[-9.622,31.751],[-9.624,31.746],[-9.637,31.734],[-9.648,31.72],[-9.668,31.703],[-9.676,31.699],[-9.674,31.673],[-9.677,31.66],[-9.676,31.653],[-9.678,31.641],[-9.676,31.635],[-9.678,31.627],[-9.688,31.604],[-9.722,31.559],[-9.735,31.544],[-9.762,31.519],[-9.77,31.516],[-9.771,31.516],[-9.77,31.517],[-9.771,31.517],[-9.775,31.506],[-9.774,31.51],[-9.774,31.507],[-9.772,31.51],[-9.769,31.51],[-9.764,31.502],[-9.767,31.495],[-9.775,31.488],[-9.777,31.478],[-9.792,31.455],[-9.806,31.438],[-9.834,31.412],[-9.836,31.403],[-9.839,31.4],[-9.842,31.39],[-9.841,31.388],[-9.832,31.386],[-9.818,31.385],[-9.811,31.38],[-9.803,31.367],[-9.799,31.353],[-9.798,31.331],[-9.795,31.329],[-9.798,31.294],[-9.799,31.293],[-9.797,31.289],[-9.8,31.278],[-9.813,31.249],[-9.818,31.243],[-9.821,31.234],[-9.816,31.225],[-9.821,31.219],[-9.819,31.216],[-9.821,31.215],[-9.824,31.212],[-9.822,31.207],[-9.822,31.199],[-9.817,31.197],[-9.816,31.19],[-9.826,31.17],[-9.832,31.165],[-9.83,31.164],[-9.831,31.161],[-9.83,31.159],[-9.833,31.155],[-9.834,31.155],[-9.833,31.154],[-9.836,31.152],[-9.838,31.147],[-9.839,31.134],[-9.834,31.126],[-9.836,31.121],[-9.838,31.121],[-9.837,31.118],[-9.839,31.117],[-9.841,31.114],[-9.842,31.106],[-9.84,31.105],[-9.842,31.104],[-9.839,31.101],[-9.832,31.1],[-9.823,31.097],[-9.819,31.091],[-9.817,31.085],[-9.819,31.071],[-9.821,31.065],[-9.825,31.061],[-9.825,31.058],[-9.82,31.056],[-9.817,31.052],[-9.819,31.052],[-9.816,31.047],[-9.818,31.038],[-9.815,31.034],[-9.817,31.027],[-9.808,31.009],[-9.815,30.99],[-9.822,30.983],[-9.823,30.98],[-9.825,30.964],[-9.827,30.964],[-9.824,30.961],[-9.823,30.955],[-9.82,30.954],[-9.818,30.938],[-9.795,30.935],[-9.771,30.928],[-9.766,30.914],[-9.769,30.892],[-9.767,30.884],[-9.734,30.873],[-9.739,30.844],[-9.716,30.791],[-9.698,30.789],[-9.688,30.786],[-9.654,30.807],[-9.648,30.801],[-9.639,30.8],[-9.619,30.836],[-9.609,30.848],[-9.604,30.857],[-9.593,30.858],[-9.581,30.843],[-9.576,30.84],[-9.57,30.841],[-9.558,30.862],[-9.543,30.885],[-9.534,30.882],[-9.539,30.868],[-9.533,30.864],[-9.523,30.862],[-9.512,30.869],[-9.493,30.857],[-9.481,30.854],[-9.443,30.838],[-9.414,30.849],[-9.41,30.854],[-9.406,30.861],[-9.385,30.866],[-9.346,30.855],[-9.346,30.874],[-9.335,30.888],[-9.297,30.844],[-9.272,30.832],[-9.259,30.819],[-9.246,30.802],[-9.192,30.818],[-9.168,30.828],[-9.152,30.822],[-9.133,30.828],[-9.078,30.826],[-9.021,30.819],[-8.997,30.825],[-8.996,30.846],[-8.992,30.874],[-8.986,30.89],[-8.955,30.904],[-8.916,30.915],[-8.865,30.949],[-8.842,30.968],[-8.826,30.975],[-8.819,30.973],[-8.806,30.963],[-8.8,30.959],[-8.797,30.949],[-8.791,30.942],[-8.782,30.937],[-8.788,30.927],[-8.775,30.918],[-8.772,30.913],[-8.77,30.899],[-8.761,30.889],[-8.765,30.873],[-8.76,30.838],[-8.748,30.816],[-8.742,30.811],[-8.728,30.814],[-8.725,30.819],[-8.727,30.83],[-8.725,30.839],[-8.728,30.856],[-8.706,30.866],[-8.669,30.898],[-8.661,30.901],[-8.647,30.888],[-8.604,30.881],[-8.589,30.88],[-8.568,30.882],[-8.538,30.874],[-8.509,30.87],[-8.484,30.871],[-8.448,30.864],[-8.414,30.872],[-8.405,30.871],[-8.397,30.865],[-8.387,30.863],[-8.365,30.863],[-8.349,30.865],[-8.322,30.877],[-8.282,30.882],[-8.25,30.89],[-8.222,30.914],[-8.136,30.939],[-8.108,30.928],[-8.06,30.925],[-8.015,30.909],[-7.979,30.922],[-7.963,30.936],[-7.947,30.96],[-7.938,30.982],[-7.928,31.008],[-7.927,31.032],[-7.916,31.037],[-7.903,31.08],[-7.887,31.107],[-7.81,31.145],[-7.825,31.167],[-7.793,31.154],[-7.783,31.163],[-7.77,31.143],[-7.759,31.142],[-7.732,31.135],[-7.712,31.131],[-7.7,31.144],[-7.697,31.163],[-7.679,31.174],[-7.663,31.178],[-7.65,31.191],[-7.625,31.199],[-7.599,31.209],[-7.587,31.229],[-7.584,31.245],[-7.499,31.251],[-7.478,31.27],[-7.447,31.277],[-7.436,31.284],[-7.436,31.291],[-7.397,31.286],[-7.386,31.287],[-7.352,31.296],[-7.306,31.318],[-7.253,31.349],[-7.234,31.375],[-7.239,31.393],[-7.218,31.414],[-7.185,31.429]]]}},{"type":"Feature","properties":{"name":"Dakhla-Oued Ed-Dahab","iso":"MA-12"},"geometry":{"type":"Polygon","coordinates":[[[-14.905,24.683],[-14.916,24.676],[-14.921,24.669],[-14.93,24.663],[-14.94,24.654],[-14.955,24.645],[-14.978,24.636],[-14.986,24.63],[-14.991,24.599],[-14.995,24.592],[-15.002,24.584],[-15.002,24.579],[-15.001,24.574],[-15.002,24.569],[-15.008,24.557],[-15.014,24.553],[-15.032,24.542],[-15.051,24.534],[-15.103,24.517],[-15.145,24.501],[-15.156,24.492],[-15.168,24.487],[-15.184,24.467],[-15.199,24.457],[-15.205,24.452],[-15.207,24.448],[-15.218,24.442],[-15.223,24.438],[-15.227,24.429],[-15.235,24.424],[-15.252,24.406],[-15.263,24.389],[-15.264,24.384],[-15.278,24.365],[-15.29,24.352],[-15.297,24.34],[-15.308,24.33],[-15.312,24.328],[-15.327,24.306],[-15.342,24.295],[-15.347,24.289],[-15.371,24.269],[-15.395,24.257],[-15.416,24.241],[-15.427,24.229],[-15.451,24.21],[-15.464,24.195],[-15.477,24.183],[-15.491,24.166],[-15.494,24.164],[-15.503,24.155],[-15.52,24.144],[-15.522,24.134],[-15.533,24.12],[-15.543,24.114],[-15.553,24.104],[-15.562,24.098],[-15.572,24.095],[-15.583,24.078],[-15.583,24.074],[-15.58,24.075],[-15.577,24.07],[-15.58,24.06],[-15.589,24.048],[-15.596,24.041],[-15.607,24.036],[-15.633,24.016],[-15.655,24.006],[-15.658,24.001],[-15.663,23.998],[-15.747,23.959],[-15.766,23.947],[-15.777,23.937],[-15.792,23.927],[-15.805,23.922],[-15.803,23.919],[-15.807,23.912],[-15.82,23.902],[-15.831,23.896],[-15.844,23.885],[-15.876,23.846],[-15.903,23.82],[-15.915,23.8],[-15.917,23.79],[-15.923,23.777],[-15.923,23.773],[-15.926,23.768],[-15.922,23.765],[-15.924,23.757],[-15.936,23.741],[-15.956,23.726],[-15.959,23.718],[-15.957,23.707],[-15.961,23.7],[-15.971,23.689],[-15.984,23.679],[-15.987,23.672],[-16.005,23.649],[-16.007,23.645],[-16.007,23.642],[-16.001,23.632],[-15.993,23.633],[-15.985,23.627],[-15.982,23.631],[-15.982,23.64],[-15.969,23.657],[-15.967,23.663],[-15.96,23.67],[-15.957,23.67],[-15.947,23.662],[-15.949,23.66],[-15.946,23.659],[-15.948,23.656],[-15.946,23.656],[-15.94,23.662],[-15.941,23.663],[-15.945,23.66],[-15.957,23.67],[-15.943,23.682],[-15.939,23.683],[-15.935,23.688],[-15.935,23.691],[-15.93,23.698],[-15.924,23.701],[-15.924,23.704],[-15.922,23.71],[-15.916,23.716],[-15.918,23.721],[-15.916,23.722],[-15.916,23.727],[-15.914,23.73],[-15.913,23.735],[-15.911,23.738],[-15.909,23.739],[-15.91,23.747],[-15.906,23.751],[-15.908,23.758],[-15.907,23.763],[-15.905,23.763],[-15.906,23.767],[-15.9,23.771],[-15.902,23.775],[-15.899,23.778],[-15.899,23.784],[-15.896,23.789],[-15.895,23.796],[-15.889,23.803],[-15.885,23.805],[-15.884,23.811],[-15.881,23.813],[-15.878,23.822],[-15.874,23.829],[-15.866,23.831],[-15.867,23.833],[-15.865,23.834],[-15.866,23.831],[-15.864,23.831],[-15.857,23.846],[-15.846,23.861],[-15.84,23.866],[-15.837,23.867],[-15.835,23.871],[-15.829,23.874],[-15.828,23.877],[-15.825,23.878],[-15.824,23.88],[-15.822,23.88],[-15.821,23.883],[-15.82,23.881],[-15.82,23.884],[-15.819,23.882],[-15.818,23.884],[-15.815,23.882],[-15.818,23.882],[-15.817,23.88],[-15.814,23.882],[-15.814,23.879],[-15.808,23.881],[-15.808,23.879],[-15.805,23.879],[-15.802,23.883],[-15.801,23.88],[-15.795,23.891],[-15.792,23.891],[-15.785,23.901],[-15.785,23.905],[-15.769,23.921],[-15.764,23.921],[-15.764,23.913],[-15.772,23.9],[-15.771,23.89],[-15.768,23.898],[-15.763,23.904],[-15.766,23.895],[-15.769,23.892],[-15.767,23.889],[-15.763,23.897],[-15.758,23.903],[-15.752,23.915],[-15.742,23.907],[-15.737,23.901],[-15.737,23.877],[-15.734,23.871],[-15.732,23.874],[-15.73,23.872],[-15.731,23.865],[-15.736,23.855],[-15.74,23.841],[-15.742,23.838],[-15.742,23.831],[-15.749,23.819],[-15.747,23.819],[-15.744,23.821],[-15.742,23.821],[-15.741,23.825],[-15.736,23.83],[-15.733,23.826],[-15.729,23.828],[-15.727,23.832],[-15.721,23.835],[-15.717,23.835],[-15.716,23.832],[-15.716,23.834],[-15.709,23.836],[-15.708,23.828],[-15.71,23.822],[-15.719,23.815],[-15.73,23.811],[-15.735,23.807],[-15.739,23.8],[-15.741,23.787],[-15.746,23.778],[-15.75,23.776],[-15.762,23.762],[-15.771,23.758],[-15.773,23.755],[-15.779,23.753],[-15.782,23.745],[-15.785,23.744],[-15.788,23.739],[-15.801,23.727],[-15.8,23.727],[-15.792,23.733],[-15.802,23.71],[-15.806,23.707],[-15.808,23.702],[-15.814,23.692],[-15.821,23.688],[-15.822,23.683],[-15.826,23.681],[-15.828,23.675],[-15.833,23.674],[-15.833,23.671],[-15.838,23.667],[-15.842,23.661],[-15.842,23.655],[-15.848,23.65],[-15.848,23.647],[-15.851,23.643],[-15.856,23.64],[-15.858,23.634],[-15.868,23.629],[-15.877,23.628],[-15.877,23.617],[-15.88,23.614],[-15.888,23.598],[-15.901,23.581],[-15.9,23.575],[-15.907,23.564],[-15.916,23.562],[-15.921,23.559],[-15.932,23.541],[-15.944,23.526],[-15.952,23.523],[-15.958,23.522],[-15.961,23.519],[-15.964,23.519],[-15.971,23.511],[-15.975,23.509],[-15.976,23.504],[-15.975,23.503],[-15.971,23.504],[-15.967,23.502],[-15.965,23.498],[-15.966,23.491],[-15.957,23.486],[-15.952,23.477],[-15.956,23.464],[-15.972,23.437],[-15.979,23.42],[-15.994,23.396],[-15.997,23.39],[-16.006,23.38],[-16.048,23.341],[-16.065,23.329],[-16.066,23.328],[-16.062,23.324],[-16.059,23.316],[-16.061,23.307],[-16.074,23.291],[-16.083,23.274],[-16.099,23.25],[-16.115,23.233],[-16.118,23.225],[-16.116,23.222],[-16.117,23.216],[-16.114,23.213],[-16.114,23.209],[-16.122,23.197],[-16.124,23.191],[-16.13,23.182],[-16.139,23.174],[-16.163,23.142],[-16.171,23.136],[-16.182,23.13],[-16.188,23.124],[-16.194,23.111],[-16.198,23.106],[-16.209,23.078],[-16.205,23.083],[-16.19,23.091],[-16.178,23.091],[-16.17,23.087],[-16.162,23.08],[-16.149,23.061],[-16.143,23.044],[-16.141,23.027],[-16.143,23.01],[-16.148,22.995],[-16.158,22.975],[-16.169,22.959],[-16.193,22.934],[-16.21,22.92],[-16.232,22.91],[-16.253,22.904],[-16.269,22.897],[-16.281,22.896],[-16.284,22.906],[-16.286,22.907],[-16.288,22.905],[-16.287,22.901],[-16.292,22.886],[-16.291,22.883],[-16.3,22.87],[-16.303,22.86],[-16.302,22.857],[-16.303,22.853],[-16.297,22.85],[-16.296,22.852],[-16.294,22.852],[-16.289,22.848],[-16.288,22.843],[-16.288,22.834],[-16.295,22.819],[-16.308,22.802],[-16.312,22.8],[-16.316,22.794],[-16.316,22.791],[-16.32,22.783],[-16.326,22.777],[-16.329,22.776],[-16.33,22.772],[-16.328,22.767],[-16.33,22.763],[-16.333,22.762],[-16.337,22.75],[-16.344,22.72],[-16.34,22.691],[-16.346,22.665],[-16.346,22.658],[-16.343,22.654],[-16.345,22.651],[-16.344,22.649],[-16.346,22.646],[-16.347,22.64],[-16.355,22.625],[-16.354,22.623],[-16.357,22.614],[-16.36,22.578],[-16.37,22.563],[-16.381,22.552],[-16.406,22.534],[-16.412,22.532],[-16.415,22.529],[-16.42,22.528],[-16.428,22.522],[-16.428,22.519],[-16.439,22.502],[-16.441,22.49],[-16.44,22.482],[-16.451,22.46],[-16.45,22.452],[-16.45,22.443],[-16.453,22.43],[-16.458,22.417],[-16.457,22.414],[-16.459,22.41],[-16.461,22.41],[-16.46,22.392],[-16.466,22.384],[-16.469,22.377],[-16.478,22.361],[-16.486,22.353],[-16.495,22.349],[-16.493,22.345],[-16.496,22.334],[-16.493,22.328],[-16.494,22.326],[-16.511,22.312],[-16.549,22.29],[-16.583,22.278],[-16.614,22.27],[-16.637,22.268],[-16.642,22.277],[-16.647,22.28],[-16.648,22.286],[-16.653,22.294],[-16.658,22.295],[-16.66,22.294],[-16.668,22.294],[-16.67,22.293],[-16.672,22.293],[-16.673,22.296],[-16.681,22.295],[-16.696,22.284],[-16.707,22.273],[-16.708,22.267],[-16.717,22.255],[-16.749,22.23],[-16.758,22.225],[-16.762,22.224],[-16.763,22.224],[-16.763,22.223],[-16.763,22.224],[-16.764,22.219],[-16.769,22.217],[-16.768,22.214],[-16.77,22.212],[-16.77,22.21],[-16.772,22.21],[-16.773,22.207],[-16.778,22.206],[-16.782,22.203],[-16.782,22.201],[-16.779,22.202],[-16.776,22.201],[-16.775,22.196],[-16.774,22.197],[-16.772,22.194],[-16.77,22.194],[-16.769,22.185],[-16.771,22.181],[-16.777,22.175],[-16.788,22.169],[-16.805,22.163],[-16.812,22.151],[-16.812,22.147],[-16.815,22.14],[-16.818,22.131],[-16.823,22.121],[-16.824,22.114],[-16.83,22.104],[-16.832,22.096],[-16.837,22.088],[-16.841,22.073],[-16.841,22.068],[-16.849,22.051],[-16.849,22.046],[-16.86,22.031],[-16.865,22.016],[-16.869,22.009],[-16.872,22.0],[-16.872,21.991],[-16.88,21.978],[-16.879,21.972],[-16.882,21.964],[-16.897,21.943],[-16.899,21.93],[-16.894,21.927],[-16.894,21.92],[-16.902,21.895],[-16.917,21.872],[-16.93,21.858],[-16.951,21.841],[-16.953,21.834],[-16.958,21.827],[-16.957,21.827],[-16.957,21.821],[-16.961,21.812],[-16.96,21.807],[-16.967,21.796],[-16.964,21.784],[-16.965,21.774],[-16.961,21.769],[-16.959,21.772],[-16.955,21.772],[-16.951,21.768],[-16.95,21.761],[-16.956,21.748],[-16.967,21.733],[-16.976,21.725],[-16.981,21.719],[-16.983,21.708],[-16.981,21.689],[-16.978,21.68],[-16.979,21.673],[-16.976,21.67],[-16.977,21.667],[-16.975,21.664],[-16.974,21.66],[-16.975,21.659],[-16.974,21.652],[-16.976,21.639],[-16.976,21.635],[-16.983,21.618],[-16.982,21.616],[-16.986,21.604],[-16.983,21.598],[-16.985,21.591],[-16.98,21.587],[-16.982,21.56],[-16.987,21.547],[-16.987,21.54],[-16.991,21.534],[-16.992,21.526],[-16.993,21.499],[-17.001,21.474],[-17.003,21.462],[-17.01,21.444],[-17.012,21.429],[-17.014,21.421],[-17.012,21.415],[-17.014,21.404],[-17.013,21.399],[-17.015,21.394],[-17.016,21.387],[-17.026,21.365],[-17.025,21.364],[-17.027,21.36],[-17.026,21.354],[-17.028,21.351],[-17.027,21.346],[-17.031,21.339],[-17.03,21.335],[-17.032,21.321],[-17.03,21.317],[-17.031,21.3],[-17.028,21.291],[-17.036,21.274],[-17.036,21.265],[-17.035,21.259],[-17.038,21.253],[-17.037,21.25],[-17.043,21.234],[-17.05,21.185],[-17.051,21.176],[-17.05,21.171],[-17.044,21.166],[-17.044,21.163],[-17.051,21.144],[-17.054,21.127],[-17.053,21.119],[-17.058,21.107],[-17.059,21.096],[-17.063,21.089],[-17.065,21.079],[-17.064,21.073],[-17.062,21.07],[-17.063,21.054],[-17.065,21.051],[-17.063,21.046],[-17.064,21.041],[-17.063,21.03],[-17.066,21.019],[-17.064,21.017],[-17.065,21.006],[-17.063,21.002],[-17.071,20.983],[-17.071,20.98],[-17.085,20.959],[-17.088,20.94],[-17.095,20.923],[-17.093,20.92],[-17.091,20.912],[-17.09,20.913],[-17.088,20.91],[-17.086,20.909],[-17.085,20.902],[-17.083,20.903],[-17.082,20.902],[-17.081,20.895],[-17.078,20.893],[-17.078,20.886],[-17.081,20.876],[-17.087,20.865],[-17.094,20.857],[-17.103,20.849],[-17.105,20.844],[-17.103,20.839],[-17.102,20.835],[-17.099,20.834],[-17.095,20.826],[-17.094,20.826],[-17.095,20.827],[-17.094,20.828],[-17.09,20.827],[-17.086,20.829],[-17.082,20.825],[-17.078,20.815],[-17.075,20.814],[-17.072,20.805],[-17.069,20.802],[-17.067,20.793],[-17.066,20.791],[-17.062,20.79],[-17.058,20.779],[-17.05,20.77],[-17.067,20.851],[-17.068,20.915],[-17.064,20.935],[-17.041,20.993],[-17.038,21.011],[-17.038,21.043],[-17.035,21.054],[-17.033,21.059],[-17.011,21.092],[-16.996,21.128],[-16.961,21.301],[-16.948,21.334],[-16.513,21.34],[-16.036,21.339],[-15.757,21.338],[-15.482,21.338],[-15.041,21.337],[-14.687,21.339],[-14.449,21.341],[-14.029,21.343],[-13.56,21.341],[-13.0,21.337],[-13.021,21.645],[-13.044,21.985],[-13.076,22.457],[-13.084,22.537],[-13.15,22.758],[-13.105,22.893],[-12.998,23.025],[-12.571,23.291],[-12.366,23.319],[-12.156,23.416],[-12.0,23.454],[-12.001,23.833],[-12.0,24.385],[-12.113,24.416],[-12.202,24.432],[-12.264,24.439],[-12.319,24.433],[-12.36,24.42],[-12.509,24.389],[-12.539,24.384],[-12.581,24.38],[-12.611,24.383],[-12.635,24.389],[-12.685,24.407],[-12.73,24.427],[-12.856,24.469],[-12.887,24.482],[-13.052,24.516],[-13.12,24.527],[-13.295,24.513],[-13.437,24.467],[-13.513,24.434],[-13.641,24.404],[-13.689,24.391],[-13.735,24.4],[-13.812,24.428],[-13.891,24.447],[-13.993,24.47],[-14.076,24.484],[-14.172,24.479],[-14.239,24.478],[-14.289,24.473],[-14.305,24.473],[-14.32,24.47],[-14.506,24.416],[-14.563,24.433],[-14.59,24.455],[-14.609,24.475],[-14.622,24.499],[-14.664,24.526],[-14.704,24.538],[-14.747,24.544],[-14.785,24.555],[-14.826,24.59],[-14.867,24.622],[-14.886,24.643],[-14.899,24.674],[-14.905,24.683]]]}},{"type":"Feature","properties":{"name":"Rabat-Salé-Kénitra","iso":"MA-04"},"geometry":{"type":"Polygon","coordinates":[[[-6.243,35.001],[-6.266,34.955],[-6.302,34.871],[-6.3,34.87],[-6.299,34.873],[-6.289,34.876],[-6.283,34.869],[-6.275,34.869],[-6.271,34.866],[-6.269,34.866],[-6.272,34.865],[-6.262,34.862],[-6.259,34.857],[-6.256,34.86],[-6.251,34.858],[-6.254,34.857],[-6.25,34.851],[-6.251,34.843],[-6.249,34.841],[-6.249,34.838],[-6.255,34.835],[-6.257,34.836],[-6.257,34.83],[-6.261,34.824],[-6.271,34.815],[-6.272,34.817],[-6.274,34.817],[-6.277,34.813],[-6.277,34.811],[-6.28,34.812],[-6.281,34.813],[-6.279,34.818],[-6.273,34.819],[-6.271,34.821],[-6.272,34.823],[-6.268,34.823],[-6.266,34.825],[-6.26,34.839],[-6.261,34.841],[-6.266,34.832],[-6.273,34.828],[-6.282,34.832],[-6.286,34.836],[-6.292,34.836],[-6.294,34.838],[-6.295,34.843],[-6.297,34.843],[-6.294,34.836],[-6.296,34.831],[-6.289,34.832],[-6.289,34.831],[-6.293,34.83],[-6.298,34.825],[-6.3,34.829],[-6.295,34.836],[-6.297,34.838],[-6.298,34.844],[-6.295,34.85],[-6.297,34.844],[-6.292,34.843],[-6.288,34.844],[-6.288,34.855],[-6.285,34.86],[-6.286,34.864],[-6.283,34.864],[-6.283,34.867],[-6.286,34.868],[-6.294,34.873],[-6.294,34.871],[-6.295,34.873],[-6.298,34.872],[-6.299,34.871],[-6.298,34.871],[-6.298,34.869],[-6.304,34.868],[-6.39,34.698],[-6.454,34.588],[-6.526,34.469],[-6.551,34.433],[-6.644,34.311],[-6.675,34.265],[-6.684,34.267],[-6.678,34.265],[-6.669,34.266],[-6.661,34.269],[-6.654,34.274],[-6.648,34.27],[-6.666,34.262],[-6.678,34.261],[-6.687,34.263],[-6.679,34.261],[-6.685,34.242],[-6.702,34.203],[-6.719,34.176],[-6.767,34.111],[-6.771,34.109],[-6.772,34.105],[-6.776,34.104],[-6.776,34.101],[-6.783,34.095],[-6.782,34.093],[-6.785,34.09],[-6.793,34.081],[-6.796,34.079],[-6.797,34.077],[-6.802,34.072],[-6.804,34.072],[-6.805,34.07],[-6.808,34.071],[-6.807,34.068],[-6.81,34.068],[-6.808,34.065],[-6.811,34.065],[-6.81,34.064],[-6.812,34.063],[-6.814,34.064],[-6.814,34.062],[-6.816,34.063],[-6.83,34.047],[-6.834,34.042],[-6.834,34.039],[-6.838,34.04],[-6.837,34.038],[-6.836,34.039],[-6.834,34.039],[-6.833,34.041],[-6.833,34.039],[-6.836,34.039],[-6.832,34.038],[-6.833,34.035],[-6.836,34.037],[-6.833,34.032],[-6.832,34.033],[-6.831,34.032],[-6.833,34.031],[-6.831,34.031],[-6.83,34.029],[-6.824,34.028],[-6.824,34.027],[-6.834,34.03],[-6.836,34.035],[-6.836,34.036],[-6.836,34.034],[-6.839,34.034],[-6.84,34.038],[-6.84,34.033],[-6.844,34.032],[-6.847,34.028],[-6.848,34.029],[-6.851,34.026],[-6.852,34.026],[-6.858,34.018],[-6.906,33.974],[-6.914,33.965],[-6.935,33.949],[-6.936,33.945],[-6.948,33.934],[-6.955,33.932],[-6.953,33.934],[-6.962,33.928],[-6.964,33.923],[-6.966,33.923],[-6.968,33.924],[-6.971,33.922],[-6.97,33.921],[-6.971,33.919],[-6.974,33.919],[-6.973,33.918],[-6.975,33.916],[-6.976,33.917],[-6.975,33.919],[-6.978,33.918],[-6.982,33.911],[-6.989,33.909],[-6.99,33.907],[-6.996,33.901],[-7.0,33.902],[-7.002,33.901],[-7.001,33.897],[-7.006,33.893],[-7.014,33.89],[-7.022,33.884],[-7.026,33.883],[-7.029,33.881],[-7.028,33.88],[-7.029,33.877],[-7.032,33.877],[-7.034,33.879],[-7.037,33.876],[-7.04,33.876],[-7.044,33.872],[-7.046,33.874],[-7.045,33.872],[-7.047,33.871],[-7.048,33.873],[-7.047,33.871],[-7.051,33.87],[-7.052,33.87],[-7.052,33.873],[-7.048,33.874],[-7.052,33.873],[-7.053,33.87],[-7.063,33.87],[-7.07,33.865],[-7.081,33.861],[-7.12,33.833],[-7.126,33.832],[-7.111,33.816],[-7.099,33.795],[-7.089,33.792],[-7.082,33.792],[-7.066,33.8],[-7.06,33.798],[-7.062,33.783],[-7.052,33.775],[-7.051,33.77],[-7.043,33.77],[-7.039,33.762],[-7.037,33.744],[-7.03,33.734],[-7.024,33.709],[-7.021,33.703],[-7.028,33.692],[-7.026,33.689],[-7.029,33.683],[-7.019,33.679],[-7.015,33.672],[-7.013,33.655],[-7.005,33.652],[-7.003,33.641],[-6.998,33.631],[-7.002,33.629],[-7.004,33.624],[-7.004,33.615],[-7.0,33.613],[-6.998,33.609],[-6.992,33.61],[-6.988,33.603],[-6.992,33.601],[-6.992,33.597],[-6.99,33.595],[-6.992,33.591],[-6.99,33.59],[-6.988,33.592],[-6.988,33.585],[-6.981,33.583],[-6.985,33.581],[-6.981,33.578],[-6.978,33.578],[-6.977,33.574],[-6.974,33.575],[-6.972,33.574],[-6.973,33.572],[-6.98,33.571],[-6.981,33.569],[-6.976,33.566],[-6.974,33.562],[-6.966,33.557],[-6.96,33.549],[-6.958,33.544],[-6.951,33.542],[-6.946,33.546],[-6.945,33.548],[-6.95,33.558],[-6.949,33.565],[-6.937,33.58],[-6.926,33.584],[-6.917,33.583],[-6.908,33.572],[-6.893,33.574],[-6.88,33.572],[-6.873,33.569],[-6.862,33.568],[-6.853,33.572],[-6.827,33.569],[-6.816,33.572],[-6.803,33.568],[-6.796,33.562],[-6.774,33.562],[-6.768,33.55],[-6.762,33.548],[-6.757,33.543],[-6.772,33.513],[-6.782,33.503],[-6.789,33.497],[-6.798,33.499],[-6.809,33.494],[-6.824,33.485],[-6.828,33.479],[-6.828,33.463],[-6.825,33.453],[-6.81,33.443],[-6.796,33.427],[-6.796,33.421],[-6.805,33.415],[-6.809,33.397],[-6.809,33.368],[-6.806,33.341],[-6.801,33.323],[-6.801,33.303],[-6.797,33.276],[-6.799,33.249],[-6.801,33.24],[-6.805,33.236],[-6.796,33.224],[-6.78,33.215],[-6.758,33.213],[-6.735,33.215],[-6.697,33.214],[-6.682,33.212],[-6.665,33.212],[-6.633,33.203],[-6.613,33.194],[-6.604,33.194],[-6.593,33.191],[-6.571,33.182],[-6.575,33.177],[-6.56,33.175],[-6.55,33.164],[-6.541,33.149],[-6.532,33.149],[-6.524,33.157],[-6.52,33.175],[-6.51,33.187],[-6.495,33.186],[-6.473,33.197],[-6.461,33.218],[-6.431,33.225],[-6.418,33.223],[-6.407,33.227],[-6.384,33.256],[-6.381,33.275],[-6.397,33.295],[-6.412,33.323],[-6.392,33.347],[-6.403,33.37],[-6.378,33.389],[-6.373,33.409],[-6.361,33.418],[-6.36,33.48],[-6.353,33.483],[-6.345,33.479],[-6.331,33.478],[-6.315,33.464],[-6.302,33.464],[-6.295,33.462],[-6.279,33.452],[-6.263,33.448],[-6.251,33.451],[-6.237,33.446],[-6.214,33.447],[-6.203,33.44],[-6.197,33.439],[-6.199,33.436],[-6.206,33.43],[-6.212,33.401],[-6.208,33.388],[-6.209,33.376],[-6.215,33.368],[-6.208,33.366],[-6.211,33.362],[-6.211,33.356],[-6.214,33.35],[-6.209,33.345],[-6.203,33.342],[-6.19,33.346],[-6.183,33.346],[-6.178,33.348],[-6.169,33.343],[-6.163,33.338],[-6.157,33.337],[-6.142,33.336],[-6.129,33.342],[-6.116,33.338],[-6.103,33.337],[-6.094,33.329],[-6.091,33.315],[-6.081,33.309],[-6.07,33.306],[-6.042,33.305],[-5.995,33.307],[-5.992,33.322],[-5.976,33.32],[-5.963,33.332],[-5.96,33.328],[-5.948,33.319],[-5.936,33.332],[-5.934,33.332],[-5.932,33.328],[-5.928,33.328],[-5.926,33.326],[-5.925,33.318],[-5.924,33.318],[-5.922,33.319],[-5.922,33.325],[-5.917,33.329],[-5.911,33.329],[-5.917,33.319],[-5.915,33.317],[-5.912,33.317],[-5.911,33.314],[-5.891,33.314],[-5.887,33.315],[-5.88,33.31],[-5.869,33.313],[-5.866,33.311],[-5.864,33.314],[-5.859,33.31],[-5.855,33.311],[-5.838,33.31],[-5.832,33.311],[-5.83,33.307],[-5.826,33.305],[-5.812,33.309],[-5.804,33.317],[-5.788,33.328],[-5.774,33.334],[-5.784,33.338],[-5.794,33.336],[-5.796,33.343],[-5.804,33.351],[-5.814,33.356],[-5.817,33.361],[-5.808,33.375],[-5.806,33.399],[-5.81,33.41],[-5.816,33.42],[-5.816,33.427],[-5.807,33.433],[-5.795,33.453],[-5.794,33.459],[-5.787,33.47],[-5.788,33.473],[-5.785,33.475],[-5.788,33.476],[-5.787,33.478],[-5.791,33.478],[-5.793,33.48],[-5.801,33.476],[-5.813,33.482],[-5.814,33.486],[-5.817,33.486],[-5.815,33.488],[-5.816,33.489],[-5.821,33.488],[-5.824,33.491],[-5.822,33.493],[-5.817,33.493],[-5.815,33.499],[-5.78,33.515],[-5.783,33.536],[-5.78,33.554],[-5.786,33.572],[-5.804,33.606],[-5.792,33.611],[-5.778,33.652],[-5.785,33.667],[-5.763,33.691],[-5.742,33.706],[-5.732,33.753],[-5.72,33.77],[-5.715,33.786],[-5.723,33.791],[-5.734,33.805],[-5.763,33.815],[-5.753,33.837],[-5.767,33.851],[-5.775,33.854],[-5.783,33.853],[-5.786,33.858],[-5.79,33.856],[-5.805,33.87],[-5.807,33.875],[-5.798,33.887],[-5.801,33.892],[-5.796,33.894],[-5.79,33.896],[-5.778,33.896],[-5.782,33.904],[-5.778,33.917],[-5.774,33.918],[-5.774,33.929],[-5.768,33.93],[-5.763,33.928],[-5.753,33.938],[-5.757,33.941],[-5.753,33.946],[-5.768,33.965],[-5.776,33.981],[-5.797,33.994],[-5.801,34.002],[-5.808,34.007],[-5.813,34.014],[-5.81,34.02],[-5.799,34.024],[-5.812,34.046],[-5.832,34.05],[-5.854,34.064],[-5.873,34.092],[-5.883,34.103],[-5.88,34.11],[-5.88,34.12],[-5.856,34.143],[-5.814,34.158],[-5.824,34.172],[-5.829,34.189],[-5.795,34.191],[-5.793,34.211],[-5.768,34.163],[-5.764,34.163],[-5.763,34.167],[-5.751,34.167],[-5.751,34.16],[-5.744,34.159],[-5.73,34.163],[-5.708,34.174],[-5.701,34.174],[-5.707,34.145],[-5.705,34.121],[-5.684,34.119],[-5.648,34.119],[-5.642,34.126],[-5.627,34.122],[-5.611,34.123],[-5.604,34.12],[-5.602,34.115],[-5.594,34.107],[-5.582,34.108],[-5.542,34.129],[-5.535,34.137],[-5.534,34.148],[-5.531,34.16],[-5.525,34.159],[-5.504,34.151],[-5.491,34.157],[-5.469,34.147],[-5.469,34.156],[-5.464,34.165],[-5.456,34.165],[-5.443,34.185],[-5.464,34.191],[-5.474,34.212],[-5.464,34.226],[-5.451,34.235],[-5.436,34.233],[-5.43,34.25],[-5.423,34.248],[-5.421,34.253],[-5.423,34.257],[-5.43,34.262],[-5.43,34.267],[-5.432,34.271],[-5.432,34.274],[-5.436,34.279],[-5.439,34.28],[-5.441,34.293],[-5.444,34.294],[-5.446,34.293],[-5.447,34.298],[-5.443,34.301],[-5.451,34.307],[-5.46,34.31],[-5.463,34.319],[-5.467,34.319],[-5.469,34.315],[-5.472,34.314],[-5.477,34.321],[-5.482,34.326],[-5.487,34.323],[-5.489,34.318],[-5.487,34.315],[-5.49,34.313],[-5.493,34.316],[-5.5,34.319],[-5.504,34.323],[-5.504,34.333],[-5.501,34.338],[-5.492,34.34],[-5.493,34.344],[-5.507,34.35],[-5.508,34.353],[-5.514,34.356],[-5.517,34.356],[-5.52,34.36],[-5.519,34.365],[-5.527,34.365],[-5.533,34.362],[-5.529,34.375],[-5.526,34.377],[-5.515,34.378],[-5.51,34.376],[-5.507,34.371],[-5.502,34.372],[-5.502,34.37],[-5.5,34.37],[-5.496,34.371],[-5.47,34.383],[-5.456,34.394],[-5.417,34.402],[-5.394,34.414],[-5.39,34.426],[-5.38,34.44],[-5.377,34.441],[-5.372,34.438],[-5.361,34.441],[-5.344,34.456],[-5.341,34.463],[-5.345,34.466],[-5.346,34.469],[-5.335,34.481],[-5.345,34.483],[-5.343,34.488],[-5.332,34.504],[-5.315,34.516],[-5.326,34.519],[-5.344,34.527],[-5.389,34.537],[-5.392,34.535],[-5.388,34.53],[-5.387,34.523],[-5.395,34.522],[-5.397,34.523],[-5.399,34.527],[-5.409,34.534],[-5.42,34.537],[-5.428,34.537],[-5.431,34.54],[-5.429,34.542],[-5.431,34.544],[-5.429,34.55],[-5.433,34.553],[-5.435,34.558],[-5.434,34.561],[-5.431,34.562],[-5.43,34.564],[-5.432,34.566],[-5.429,34.574],[-5.413,34.587],[-5.416,34.59],[-5.414,34.595],[-5.417,34.599],[-5.422,34.608],[-5.439,34.619],[-5.444,34.62],[-5.445,34.624],[-5.457,34.622],[-5.461,34.628],[-5.475,34.63],[-5.483,34.632],[-5.489,34.631],[-5.494,34.639],[-5.506,34.645],[-5.514,34.645],[-5.522,34.639],[-5.528,34.639],[-5.538,34.657],[-5.541,34.668],[-5.542,34.669],[-5.547,34.668],[-5.549,34.669],[-5.551,34.667],[-5.552,34.668],[-5.552,34.671],[-5.549,34.673],[-5.552,34.689],[-5.552,34.694],[-5.576,34.693],[-5.576,34.699],[-5.58,34.708],[-5.588,34.715],[-5.59,34.722],[-5.598,34.717],[-5.603,34.717],[-5.605,34.723],[-5.608,34.721],[-5.634,34.726],[-5.633,34.732],[-5.629,34.736],[-5.644,34.74],[-5.652,34.736],[-5.667,34.734],[-5.668,34.726],[-5.673,34.725],[-5.674,34.721],[-5.683,34.713],[-5.705,34.711],[-5.715,34.705],[-5.71,34.713],[-5.711,34.719],[-5.717,34.72],[-5.719,34.727],[-5.729,34.73],[-5.737,34.73],[-5.744,34.727],[-5.751,34.73],[-5.754,34.735],[-5.761,34.737],[-5.776,34.735],[-5.795,34.751],[-5.786,34.762],[-5.782,34.778],[-5.787,34.789],[-5.788,34.794],[-5.784,34.804],[-5.786,34.806],[-5.784,34.812],[-5.784,34.825],[-5.791,34.835],[-5.786,34.841],[-5.791,34.851],[-5.784,34.853],[-5.774,34.874],[-5.785,34.878],[-5.791,34.888],[-5.787,34.9],[-5.788,34.909],[-5.783,34.914],[-5.781,34.921],[-5.781,34.928],[-5.787,34.931],[-5.833,34.944],[-5.858,34.937],[-5.878,34.934],[-5.919,34.941],[-5.937,34.95],[-5.962,34.97],[-6.007,34.992],[-6.026,34.976],[-6.054,34.976],[-6.067,34.991],[-6.058,34.998],[-6.075,35.008],[-6.1,35.016],[-6.127,35.01],[-6.139,34.997],[-6.186,34.989],[-6.193,34.992],[-6.204,34.993],[-6.207,34.995],[-6.214,34.997],[-6.219,34.995],[-6.243,35.001]]]}},{"type":"Feature","properties":{"name":"Fès-Meknès","iso":"MA-03"},"geometry":{"type":"Polygon","coordinates":[[[-5.315,34.516],[-5.332,34.504],[-5.343,34.488],[-5.345,34.483],[-5.335,34.481],[-5.346,34.469],[-5.345,34.466],[-5.341,34.463],[-5.344,34.456],[-5.361,34.441],[-5.372,34.438],[-5.377,34.441],[-5.38,34.44],[-5.39,34.426],[-5.394,34.414],[-5.417,34.402],[-5.456,34.394],[-5.47,34.383],[-5.496,34.371],[-5.5,34.37],[-5.502,34.37],[-5.502,34.372],[-5.507,34.371],[-5.51,34.376],[-5.515,34.378],[-5.526,34.377],[-5.529,34.375],[-5.533,34.362],[-5.527,34.365],[-5.519,34.365],[-5.52,34.36],[-5.517,34.356],[-5.514,34.356],[-5.508,34.353],[-5.507,34.35],[-5.493,34.344],[-5.492,34.34],[-5.501,34.338],[-5.504,34.333],[-5.504,34.323],[-5.5,34.319],[-5.493,34.316],[-5.49,34.313],[-5.487,34.315],[-5.489,34.318],[-5.487,34.323],[-5.482,34.326],[-5.477,34.321],[-5.472,34.314],[-5.469,34.315],[-5.467,34.319],[-5.463,34.319],[-5.46,34.31],[-5.451,34.307],[-5.443,34.301],[-5.447,34.298],[-5.446,34.293],[-5.444,34.294],[-5.441,34.293],[-5.439,34.28],[-5.436,34.279],[-5.432,34.274],[-5.432,34.271],[-5.43,34.267],[-5.43,34.262],[-5.423,34.257],[-5.421,34.253],[-5.423,34.248],[-5.43,34.25],[-5.436,34.233],[-5.451,34.235],[-5.464,34.226],[-5.474,34.212],[-5.464,34.191],[-5.443,34.185],[-5.456,34.165],[-5.464,34.165],[-5.469,34.156],[-5.469,34.147],[-5.491,34.157],[-5.504,34.151],[-5.525,34.159],[-5.531,34.16],[-5.534,34.148],[-5.535,34.137],[-5.542,34.129],[-5.582,34.108],[-5.594,34.107],[-5.602,34.115],[-5.604,34.12],[-5.611,34.123],[-5.627,34.122],[-5.642,34.126],[-5.648,34.119],[-5.684,34.119],[-5.705,34.121],[-5.707,34.145],[-5.701,34.174],[-5.708,34.174],[-5.73,34.163],[-5.744,34.159],[-5.751,34.16],[-5.751,34.167],[-5.763,34.167],[-5.764,34.163],[-5.768,34.163],[-5.793,34.211],[-5.795,34.191],[-5.829,34.189],[-5.824,34.172],[-5.814,34.158],[-5.856,34.143],[-5.88,34.12],[-5.88,34.11],[-5.883,34.103],[-5.873,34.092],[-5.854,34.064],[-5.832,34.05],[-5.812,34.046],[-5.799,34.024],[-5.81,34.02],[-5.813,34.014],[-5.808,34.007],[-5.801,34.002],[-5.797,33.994],[-5.776,33.981],[-5.768,33.965],[-5.753,33.946],[-5.757,33.941],[-5.753,33.938],[-5.763,33.928],[-5.768,33.93],[-5.774,33.929],[-5.774,33.918],[-5.778,33.917],[-5.782,33.904],[-5.778,33.896],[-5.79,33.896],[-5.796,33.894],[-5.801,33.892],[-5.798,33.887],[-5.807,33.875],[-5.805,33.87],[-5.79,33.856],[-5.786,33.858],[-5.783,33.853],[-5.775,33.854],[-5.767,33.851],[-5.753,33.837],[-5.763,33.815],[-5.734,33.805],[-5.723,33.791],[-5.715,33.786],[-5.72,33.77],[-5.732,33.753],[-5.742,33.706],[-5.763,33.691],[-5.785,33.667],[-5.778,33.652],[-5.792,33.611],[-5.804,33.606],[-5.786,33.572],[-5.78,33.554],[-5.783,33.536],[-5.78,33.515],[-5.815,33.499],[-5.817,33.493],[-5.822,33.493],[-5.824,33.491],[-5.821,33.488],[-5.816,33.489],[-5.815,33.488],[-5.817,33.486],[-5.814,33.486],[-5.813,33.482],[-5.801,33.476],[-5.793,33.48],[-5.791,33.478],[-5.787,33.478],[-5.788,33.476],[-5.785,33.475],[-5.788,33.473],[-5.787,33.47],[-5.783,33.468],[-5.782,33.465],[-5.786,33.461],[-5.783,33.454],[-5.773,33.449],[-5.77,33.446],[-5.774,33.441],[-5.762,33.431],[-5.755,33.428],[-5.755,33.425],[-5.748,33.417],[-5.737,33.422],[-5.723,33.412],[-5.679,33.396],[-5.664,33.394],[-5.659,33.392],[-5.654,33.394],[-5.657,33.391],[-5.651,33.39],[-5.648,33.391],[-5.635,33.387],[-5.629,33.386],[-5.625,33.39],[-5.622,33.384],[-5.617,33.382],[-5.613,33.387],[-5.607,33.382],[-5.604,33.383],[-5.603,33.386],[-5.597,33.389],[-5.592,33.383],[-5.583,33.383],[-5.581,33.387],[-5.57,33.375],[-5.573,33.369],[-5.567,33.366],[-5.552,33.363],[-5.552,33.358],[-5.539,33.349],[-5.543,33.344],[-5.538,33.342],[-5.529,33.341],[-5.525,33.339],[-5.518,33.329],[-5.52,33.324],[-5.517,33.319],[-5.506,33.325],[-5.508,33.317],[-5.507,33.31],[-5.501,33.309],[-5.5,33.303],[-5.512,33.256],[-5.489,33.235],[-5.486,33.194],[-5.448,33.165],[-5.418,33.156],[-5.367,33.153],[-5.341,33.16],[-5.297,33.176],[-5.289,33.174],[-5.282,33.169],[-5.28,33.162],[-5.284,33.13],[-5.299,33.098],[-5.33,33.083],[-5.319,33.035],[-5.291,33.03],[-5.288,33.004],[-5.306,32.992],[-5.306,32.985],[-5.273,32.967],[-5.252,32.941],[-5.241,32.924],[-5.249,32.905],[-5.274,32.861],[-5.272,32.861],[-5.255,32.869],[-5.23,32.884],[-5.19,32.916],[-5.169,32.905],[-5.142,32.909],[-5.133,32.918],[-5.127,32.945],[-5.093,32.96],[-5.057,32.981],[-5.072,33.024],[-5.066,33.028],[-5.055,33.041],[-5.044,33.046],[-5.036,33.058],[-5.027,33.067],[-5.017,33.074],[-4.996,33.083],[-4.98,33.081],[-4.949,33.081],[-4.893,33.079],[-4.863,33.074],[-4.846,33.076],[-4.835,33.086],[-4.828,33.098],[-4.821,33.073],[-4.808,33.048],[-4.775,33.018],[-4.766,33.0],[-4.755,32.96],[-4.773,32.927],[-4.77,32.912],[-4.714,32.892],[-4.656,32.881],[-4.623,32.88],[-4.558,32.896],[-4.524,32.895],[-4.477,32.883],[-4.487,32.868],[-4.464,32.842],[-4.418,32.816],[-4.405,32.811],[-4.371,32.787],[-4.324,32.75],[-4.285,32.715],[-4.242,32.657],[-4.217,32.614],[-4.174,32.601],[-4.104,32.623],[-4.058,32.601],[-4.018,32.608],[-4.015,32.62],[-4.016,32.641],[-3.979,32.688],[-3.947,32.719],[-3.911,32.763],[-3.868,32.824],[-3.83,32.866],[-3.799,32.896],[-3.75,32.926],[-3.727,32.948],[-3.713,32.979],[-3.683,33.027],[-3.65,33.057],[-3.617,33.078],[-3.604,33.095],[-3.586,33.101],[-3.576,33.108],[-3.568,33.108],[-3.56,33.098],[-3.515,33.085],[-3.436,33.057],[-3.341,33.06],[-3.234,33.077],[-3.029,33.114],[-2.978,33.133],[-2.942,33.152],[-2.907,33.177],[-2.899,33.2],[-2.906,33.217],[-2.925,33.24],[-2.935,33.256],[-2.999,33.318],[-3.041,33.343],[-3.07,33.368],[-3.121,33.406],[-3.257,33.517],[-3.245,33.528],[-3.228,33.535],[-3.227,33.554],[-3.22,33.558],[-3.214,33.565],[-3.19,33.57],[-3.175,33.591],[-3.153,33.603],[-3.12,33.633],[-3.123,33.66],[-3.091,33.69],[-3.058,33.706],[-3.032,33.731],[-3.045,33.765],[-3.094,33.762],[-3.127,33.764],[-3.153,33.764],[-3.191,33.76],[-3.235,33.764],[-3.277,33.776],[-3.302,33.778],[-3.331,33.787],[-3.364,33.812],[-3.379,33.832],[-3.42,33.848],[-3.429,33.863],[-3.466,33.878],[-3.493,33.906],[-3.516,33.91],[-3.532,33.895],[-3.542,33.868],[-3.558,33.848],[-3.576,33.829],[-3.587,33.813],[-3.612,33.787],[-3.651,33.741],[-3.693,33.728],[-3.712,33.701],[-3.737,33.678],[-3.803,33.657],[-3.857,33.593],[-3.823,33.57],[-3.809,33.571],[-3.794,33.557],[-3.825,33.527],[-3.838,33.511],[-3.843,33.509],[-3.847,33.521],[-3.846,33.528],[-3.848,33.542],[-3.874,33.571],[-3.889,33.571],[-3.899,33.55],[-3.93,33.546],[-3.934,33.528],[-3.947,33.515],[-3.961,33.513],[-3.983,33.513],[-4.01,33.524],[-4.031,33.517],[-4.058,33.526],[-4.077,33.544],[-4.092,33.555],[-4.11,33.561],[-4.111,33.576],[-4.101,33.587],[-4.093,33.603],[-4.085,33.624],[-4.085,33.639],[-4.108,33.639],[-4.113,33.647],[-4.12,33.649],[-4.123,33.664],[-4.088,33.664],[-4.08,33.675],[-4.103,33.682],[-4.01,33.72],[-4.0,33.721],[-3.989,33.72],[-3.959,33.734],[-3.96,33.742],[-3.968,33.769],[-3.969,33.776],[-3.966,33.781],[-3.976,33.782],[-3.955,33.81],[-3.928,33.832],[-3.915,33.853],[-3.906,33.875],[-3.902,33.892],[-3.905,33.9],[-3.906,33.907],[-3.911,33.917],[-3.907,33.922],[-3.897,33.96],[-3.892,33.973],[-3.886,33.973],[-3.877,33.983],[-3.87,33.982],[-3.866,33.985],[-3.867,33.99],[-3.851,33.995],[-3.835,34.005],[-3.825,34.008],[-3.846,34.022],[-3.853,34.023],[-3.853,34.03],[-3.851,34.038],[-3.842,34.055],[-3.838,34.073],[-3.837,34.102],[-3.833,34.116],[-3.83,34.118],[-3.838,34.127],[-3.832,34.136],[-3.831,34.153],[-3.825,34.171],[-3.824,34.184],[-3.816,34.21],[-3.828,34.213],[-3.839,34.211],[-3.853,34.217],[-3.878,34.223],[-3.883,34.222],[-3.896,34.225],[-3.892,34.229],[-3.887,34.229],[-3.884,34.227],[-3.878,34.231],[-3.889,34.241],[-3.883,34.25],[-3.886,34.258],[-3.889,34.26],[-3.908,34.26],[-3.914,34.273],[-3.91,34.275],[-3.909,34.284],[-3.917,34.301],[-3.914,34.303],[-3.912,34.306],[-3.906,34.306],[-3.895,34.307],[-3.887,34.302],[-3.88,34.305],[-3.869,34.305],[-3.862,34.307],[-3.85,34.317],[-3.839,34.334],[-3.834,34.338],[-3.844,34.343],[-3.844,34.356],[-3.84,34.364],[-3.84,34.369],[-3.843,34.371],[-3.849,34.366],[-3.86,34.371],[-3.854,34.379],[-3.845,34.384],[-3.846,34.388],[-3.838,34.394],[-3.844,34.395],[-3.847,34.4],[-3.846,34.405],[-3.836,34.411],[-3.834,34.413],[-3.848,34.413],[-3.856,34.411],[-3.841,34.44],[-3.851,34.446],[-3.844,34.456],[-3.831,34.46],[-3.796,34.475],[-3.796,34.479],[-3.792,34.48],[-3.776,34.498],[-3.762,34.53],[-3.757,34.531],[-3.754,34.533],[-3.753,34.535],[-3.756,34.539],[-3.754,34.541],[-3.746,34.547],[-3.755,34.554],[-3.758,34.559],[-3.757,34.561],[-3.769,34.575],[-3.764,34.584],[-3.758,34.591],[-3.77,34.609],[-3.774,34.62],[-3.772,34.622],[-3.763,34.618],[-3.752,34.617],[-3.743,34.62],[-3.734,34.626],[-3.733,34.635],[-3.728,34.639],[-3.723,34.64],[-3.718,34.639],[-3.716,34.63],[-3.703,34.626],[-3.693,34.624],[-3.67,34.625],[-3.654,34.628],[-3.641,34.633],[-3.642,34.659],[-3.634,34.674],[-3.615,34.69],[-3.591,34.701],[-3.613,34.722],[-3.62,34.741],[-3.593,34.789],[-3.593,34.83],[-3.605,34.844],[-3.627,34.848],[-3.668,34.846],[-3.695,34.848],[-3.752,34.843],[-3.764,34.862],[-3.76,34.881],[-3.77,34.887],[-3.792,34.882],[-3.816,34.885],[-3.82,34.888],[-3.829,34.868],[-3.904,34.85],[-3.919,34.852],[-3.924,34.848],[-3.929,34.846],[-3.928,34.841],[-3.934,34.842],[-3.936,34.839],[-3.942,34.84],[-3.951,34.837],[-4.0,34.827],[-4.009,34.826],[-4.014,34.824],[-4.034,34.826],[-4.044,34.813],[-4.059,34.798],[-4.08,34.782],[-4.099,34.764],[-4.143,34.744],[-4.155,34.758],[-4.171,34.751],[-4.212,34.767],[-4.224,34.779],[-4.235,34.795],[-4.248,34.807],[-4.261,34.794],[-4.288,34.776],[-4.304,34.762],[-4.294,34.752],[-4.297,34.739],[-4.312,34.732],[-4.315,34.723],[-4.324,34.717],[-4.343,34.711],[-4.354,34.713],[-4.381,34.706],[-4.416,34.711],[-4.421,34.692],[-4.431,34.684],[-4.437,34.672],[-4.434,34.668],[-4.493,34.692],[-4.506,34.701],[-4.519,34.697],[-4.541,34.702],[-4.573,34.683],[-4.578,34.7],[-4.589,34.715],[-4.628,34.724],[-4.659,34.723],[-4.666,34.719],[-4.724,34.719],[-4.745,34.731],[-4.745,34.733],[-4.754,34.735],[-4.778,34.75],[-4.781,34.762],[-4.787,34.773],[-4.786,34.782],[-4.788,34.801],[-4.792,34.824],[-4.791,34.843],[-4.807,34.835],[-4.83,34.83],[-4.863,34.825],[-4.875,34.826],[-4.885,34.833],[-4.908,34.824],[-4.921,34.814],[-4.951,34.808],[-4.975,34.794],[-4.978,34.79],[-4.982,34.79],[-4.983,34.793],[-4.987,34.794],[-5.012,34.793],[-5.017,34.792],[-5.018,34.793],[-5.015,34.798],[-5.017,34.801],[-5.021,34.801],[-5.08,34.782],[-5.084,34.775],[-5.09,34.78],[-5.112,34.776],[-5.125,34.767],[-5.145,34.765],[-5.153,34.76],[-5.181,34.739],[-5.185,34.72],[-5.185,34.713],[-5.182,34.709],[-5.186,34.706],[-5.181,34.693],[-5.185,34.686],[-5.189,34.67],[-5.183,34.659],[-5.181,34.614],[-5.182,34.607],[-5.196,34.597],[-5.183,34.594],[-5.181,34.59],[-5.193,34.57],[-5.198,34.558],[-5.259,34.556],[-5.265,34.549],[-5.267,34.542],[-5.264,34.537],[-5.256,34.533],[-5.281,34.515],[-5.315,34.516]]]}},{"type":"Feature","properties":{"name":"Béni Mellal-Khénifra","iso":"MA-05"},"geometry":{"type":"Polygon","coordinates":[[[-5.255,32.869],[-5.272,32.861],[-5.274,32.861],[-5.249,32.905],[-5.241,32.924],[-5.252,32.941],[-5.273,32.967],[-5.306,32.985],[-5.306,32.992],[-5.288,33.004],[-5.291,33.03],[-5.319,33.035],[-5.33,33.083],[-5.299,33.098],[-5.284,33.13],[-5.28,33.162],[-5.282,33.169],[-5.289,33.174],[-5.297,33.176],[-5.341,33.16],[-5.367,33.153],[-5.418,33.156],[-5.448,33.165],[-5.486,33.194],[-5.489,33.235],[-5.512,33.256],[-5.5,33.303],[-5.501,33.309],[-5.507,33.31],[-5.508,33.317],[-5.506,33.325],[-5.517,33.319],[-5.52,33.324],[-5.518,33.329],[-5.525,33.339],[-5.529,33.341],[-5.538,33.342],[-5.543,33.344],[-5.539,33.349],[-5.552,33.358],[-5.552,33.363],[-5.567,33.366],[-5.573,33.369],[-5.57,33.375],[-5.581,33.387],[-5.583,33.383],[-5.592,33.383],[-5.597,33.389],[-5.603,33.386],[-5.604,33.383],[-5.607,33.382],[-5.613,33.387],[-5.617,33.382],[-5.622,33.384],[-5.625,33.39],[-5.629,33.386],[-5.635,33.387],[-5.648,33.391],[-5.651,33.39],[-5.657,33.391],[-5.654,33.394],[-5.659,33.392],[-5.664,33.394],[-5.679,33.396],[-5.723,33.412],[-5.737,33.422],[-5.748,33.417],[-5.755,33.425],[-5.755,33.428],[-5.762,33.431],[-5.774,33.441],[-5.77,33.446],[-5.773,33.449],[-5.783,33.454],[-5.786,33.461],[-5.782,33.465],[-5.783,33.468],[-5.787,33.47],[-5.794,33.459],[-5.795,33.453],[-5.807,33.433],[-5.816,33.427],[-5.816,33.42],[-5.81,33.41],[-5.806,33.399],[-5.808,33.375],[-5.817,33.361],[-5.814,33.356],[-5.804,33.351],[-5.796,33.343],[-5.794,33.336],[-5.784,33.338],[-5.774,33.334],[-5.788,33.328],[-5.804,33.317],[-5.812,33.309],[-5.826,33.305],[-5.83,33.307],[-5.832,33.311],[-5.838,33.31],[-5.855,33.311],[-5.859,33.31],[-5.864,33.314],[-5.866,33.311],[-5.869,33.313],[-5.88,33.31],[-5.887,33.315],[-5.891,33.314],[-5.911,33.314],[-5.912,33.317],[-5.915,33.317],[-5.917,33.319],[-5.911,33.329],[-5.917,33.329],[-5.922,33.325],[-5.922,33.319],[-5.924,33.318],[-5.925,33.318],[-5.926,33.326],[-5.928,33.328],[-5.932,33.328],[-5.934,33.332],[-5.936,33.332],[-5.948,33.319],[-5.96,33.328],[-5.963,33.332],[-5.976,33.32],[-5.992,33.322],[-5.995,33.307],[-6.042,33.305],[-6.07,33.306],[-6.081,33.309],[-6.091,33.315],[-6.094,33.329],[-6.103,33.337],[-6.116,33.338],[-6.129,33.342],[-6.142,33.336],[-6.157,33.337],[-6.163,33.338],[-6.169,33.343],[-6.178,33.348],[-6.183,33.346],[-6.19,33.346],[-6.203,33.342],[-6.209,33.345],[-6.214,33.35],[-6.211,33.356],[-6.211,33.362],[-6.208,33.366],[-6.215,33.368],[-6.209,33.376],[-6.208,33.388],[-6.212,33.401],[-6.206,33.43],[-6.199,33.436],[-6.197,33.439],[-6.203,33.44],[-6.214,33.447],[-6.237,33.446],[-6.251,33.451],[-6.263,33.448],[-6.279,33.452],[-6.295,33.462],[-6.302,33.464],[-6.315,33.464],[-6.331,33.478],[-6.345,33.479],[-6.353,33.483],[-6.36,33.48],[-6.361,33.418],[-6.373,33.409],[-6.378,33.389],[-6.403,33.37],[-6.392,33.347],[-6.412,33.323],[-6.397,33.295],[-6.381,33.275],[-6.384,33.256],[-6.407,33.227],[-6.418,33.223],[-6.431,33.225],[-6.461,33.218],[-6.473,33.197],[-6.495,33.186],[-6.51,33.187],[-6.52,33.175],[-6.524,33.157],[-6.532,33.149],[-6.541,33.149],[-6.55,33.164],[-6.56,33.175],[-6.575,33.177],[-6.571,33.182],[-6.593,33.191],[-6.604,33.194],[-6.613,33.194],[-6.633,33.203],[-6.665,33.212],[-6.682,33.212],[-6.697,33.214],[-6.735,33.215],[-6.758,33.213],[-6.78,33.215],[-6.796,33.224],[-6.805,33.236],[-6.822,33.229],[-6.829,33.229],[-6.841,33.224],[-6.85,33.219],[-6.869,33.202],[-6.884,33.159],[-6.893,33.141],[-6.895,33.106],[-6.914,33.102],[-6.903,33.077],[-6.932,33.057],[-6.923,33.049],[-6.944,33.009],[-6.943,32.992],[-6.96,32.966],[-6.963,32.959],[-6.969,32.953],[-6.981,32.95],[-7.003,32.956],[-7.008,32.947],[-6.999,32.938],[-7.004,32.931],[-7.006,32.922],[-7.003,32.901],[-7.0,32.848],[-7.013,32.811],[-7.029,32.789],[-7.034,32.77],[-7.022,32.77],[-7.046,32.734],[-7.046,32.723],[-7.05,32.717],[-7.056,32.699],[-7.05,32.697],[-7.043,32.684],[-7.03,32.677],[-7.013,32.656],[-6.993,32.643],[-6.986,32.636],[-6.996,32.56],[-7.015,32.557],[-7.009,32.549],[-6.995,32.52],[-6.996,32.51],[-6.992,32.499],[-7.006,32.457],[-7.034,32.398],[-7.035,32.385],[-7.041,32.374],[-7.106,32.353],[-7.131,32.325],[-7.133,32.319],[-7.129,32.315],[-7.126,32.315],[-7.123,32.318],[-7.122,32.324],[-7.119,32.326],[-7.117,32.326],[-7.109,32.313],[-7.1,32.305],[-7.116,32.232],[-7.105,32.213],[-7.11,32.191],[-7.124,32.162],[-7.123,32.153],[-7.131,32.129],[-7.127,32.113],[-7.128,32.102],[-7.118,32.086],[-7.117,32.064],[-7.117,32.046],[-7.11,32.02],[-7.088,32.006],[-7.082,31.997],[-7.058,31.983],[-7.053,31.973],[-7.069,31.965],[-7.063,31.941],[-7.068,31.908],[-7.052,31.904],[-7.055,31.893],[-7.052,31.891],[-7.041,31.872],[-7.029,31.86],[-7.021,31.861],[-7.024,31.846],[-7.013,31.847],[-7.008,31.829],[-7.002,31.821],[-7.01,31.82],[-7.018,31.82],[-7.029,31.823],[-7.035,31.828],[-7.036,31.826],[-7.034,31.821],[-7.037,31.815],[-7.043,31.788],[-7.024,31.774],[-7.049,31.761],[-7.103,31.76],[-7.169,31.744],[-7.184,31.751],[-7.187,31.755],[-7.194,31.756],[-7.198,31.758],[-7.198,31.762],[-7.217,31.762],[-7.229,31.773],[-7.229,31.762],[-7.242,31.764],[-7.248,31.76],[-7.258,31.764],[-7.266,31.761],[-7.263,31.751],[-7.265,31.739],[-7.272,31.74],[-7.274,31.748],[-7.282,31.747],[-7.285,31.734],[-7.319,31.713],[-7.307,31.704],[-7.303,31.695],[-7.314,31.696],[-7.321,31.693],[-7.318,31.681],[-7.317,31.67],[-7.288,31.671],[-7.27,31.673],[-7.263,31.662],[-7.268,31.633],[-7.264,31.621],[-7.222,31.608],[-7.209,31.577],[-7.193,31.56],[-7.134,31.558],[-7.131,31.537],[-7.14,31.529],[-7.149,31.483],[-7.157,31.468],[-7.17,31.467],[-7.174,31.454],[-7.182,31.442],[-7.185,31.429],[-7.174,31.417],[-7.164,31.422],[-7.159,31.427],[-7.156,31.428],[-7.143,31.397],[-7.139,31.381],[-7.127,31.366],[-7.122,31.368],[-7.116,31.368],[-7.102,31.365],[-7.061,31.37],[-7.053,31.377],[-7.045,31.386],[-7.039,31.39],[-7.034,31.387],[-7.009,31.339],[-6.996,31.349],[-6.973,31.351],[-6.924,31.345],[-6.809,31.343],[-6.759,31.346],[-6.744,31.349],[-6.733,31.349],[-6.719,31.358],[-6.713,31.376],[-6.703,31.418],[-6.701,31.469],[-6.662,31.462],[-6.633,31.461],[-6.563,31.508],[-6.532,31.524],[-6.51,31.532],[-6.495,31.536],[-6.484,31.543],[-6.481,31.556],[-6.475,31.549],[-6.456,31.546],[-6.45,31.548],[-6.433,31.57],[-6.423,31.579],[-6.396,31.591],[-6.356,31.603],[-6.314,31.62],[-6.261,31.636],[-6.123,31.691],[-6.06,31.706],[-6.018,31.72],[-6.002,31.73],[-5.98,31.74],[-5.966,31.751],[-5.951,31.771],[-5.944,31.786],[-5.925,31.817],[-5.921,31.821],[-5.894,31.832],[-5.855,31.839],[-5.817,31.858],[-5.825,31.868],[-5.824,31.894],[-5.799,31.928],[-5.803,31.939],[-5.826,31.964],[-5.888,31.983],[-5.882,32.029],[-5.875,32.063],[-5.867,32.087],[-5.868,32.098],[-5.864,32.108],[-5.858,32.118],[-5.846,32.128],[-5.844,32.132],[-5.826,32.129],[-5.803,32.128],[-5.747,32.145],[-5.718,32.177],[-5.688,32.199],[-5.678,32.214],[-5.639,32.216],[-5.587,32.221],[-5.563,32.24],[-5.537,32.238],[-5.509,32.226],[-5.458,32.214],[-5.447,32.217],[-5.447,32.225],[-5.452,32.238],[-5.455,32.243],[-5.483,32.26],[-5.5,32.274],[-5.501,32.282],[-5.508,32.294],[-5.509,32.302],[-5.483,32.33],[-5.474,32.346],[-5.534,32.362],[-5.527,32.368],[-5.525,32.391],[-5.536,32.421],[-5.528,32.436],[-5.536,32.454],[-5.463,32.455],[-5.444,32.457],[-5.41,32.466],[-5.403,32.471],[-5.396,32.483],[-5.394,32.499],[-5.405,32.515],[-5.398,32.525],[-5.389,32.521],[-5.355,32.515],[-5.352,32.541],[-5.348,32.555],[-5.339,32.574],[-5.339,32.587],[-5.341,32.594],[-5.346,32.602],[-5.322,32.617],[-5.324,32.63],[-5.313,32.667],[-5.317,32.693],[-5.321,32.699],[-5.321,32.712],[-5.315,32.719],[-5.314,32.732],[-5.313,32.745],[-5.318,32.764],[-5.317,32.778],[-5.311,32.787],[-5.299,32.795],[-5.309,32.801],[-5.312,32.807],[-5.297,32.821],[-5.288,32.84],[-5.262,32.854],[-5.249,32.857],[-5.255,32.869]]]}}]}